calc_version,unit_id,event_id,type,category,subcategory,status,primary,correlated_with,exclusion_reason,reference_ts_utc,quality,K,score_30d,score_14d,score_7d,score_3d,score_24h,score_final,uniform_30d,uniform_14d,uniform_7d,uniform_3d,uniform_24h,uniform_final,base_rate_30d,base_rate_14d,base_rate_7d,base_rate_3d,base_rate_24h,base_rate_final
1.0.0,E100339,100339,binary_set,fed,leadership,final,True,,,2025-12-22T05:00:16Z,B,,,,,,0.11607514999999999,0.0029951500000000007,,,,,0.25,0.25,,,,,0.4778361869487746,0.46738770664610996
1.0.0,E1005013,1005013,multiclass,macro,cpi,pending,True,,,,,,,,,,,,,,,,,,,,,,,
1.0.0,E1005014,1005014,multiclass,macro,cpi,pending,True,,,,,,,,,,,,,,,,,,,,,,,
1.0.0,E1005015,1005015,multiclass,macro,core_cpi,pending,True,,,,,,,,,,,,,,,,,,,,,,,
1.0.0,E1005022,1005022,multiclass,macro,core_cpi,pending,True,,,,,,,,,,,,,,,,,,,,,,,
1.0.0,E10098,10098,multiclass,fed,fomc_decision,final,True,,,2024-05-01T18:00:00Z,A,4,,0.0017900775304299868,0.0009332671960285984,0.0006190554925673941,0.0003417604482468528,0.00025321592901629,,0.75,0.75,0.75,0.75,0.75,,,,,,
1.0.0,E101009,101009,binary_set,macro,treasury_liquidity,final,True,,,2026-01-21T13:00:16Z,B,,0.1701239583333333,0.13373116666666665,0.17549391666666667,0.09611533333333333,0.08964554166666668,0.013885583333333333,0.25,0.25,0.25,0.25,0.25,0.25,0.22190630216732973,0.23745479025278002,0.23745479025278002,0.2457909689295056,0.2457909689295056,0.2457909689295056
1.0.0,E101764,101764,multiclass,macro,nonfarm_payrolls,final,True,,,2025-12-16T00:00:00Z,B,7,,,,0.7414634146341463,0.7009143180318597,0.7702662484833221,,,,0.8571428571428572,0.8571428571428572,0.8571428571428572,,,,,,
1.0.0,E101772,101772,multiclass,fed,fomc_decision,final,True,,,2026-06-17T18:00:00Z,A,5,0.0005654344242171718,0.0005719890696463716,0.00010945205564641884,4.6859316616688054e-05,5.084734356278912e-05,2.2931154940081362e-05,0.8,0.8,0.8,0.8,0.8,0.8,,,,,,
1.0.0,E101936,101936,binary_set,fed,fomc_decision,final,False,E770450,,2026-12-09T19:00:00Z,B,,,,,,,,,,,,,,,,,,,
1.0.0,E10262,10262,binary_set,macro,recession,final,True,,,2024-12-31T12:00:00Z,B,,0.00050625,0.00015625000000000003,4.225e-05,2.5e-05,2.0249999999999998e-05,2.0249999999999998e-05,0.25,0.25,0.25,0.25,0.25,0.25,0.5102040816326531,0.5102040816326531,0.5102040816326531,0.5102040816326531,0.5102040816326531,0.5102040816326531
1.0.0,E102643,102643,multiclass,fed,rate_path,final,True,,,2026-01-28T00:00:00Z,B,5,0.38468830480021604,0.453612254901496,0.6818139322027923,0.6056184403518438,0.6544409269703824,0.7034117413473727,0.8,0.8,0.8,0.8,0.8,0.8,,,,,,
1.0.0,E10273,10273,binary_set,macro,cpi,final,True,,,2024-04-10T12:00:00Z,B,,,,,0.028900000000000012,0.08122500000000002,0.065025,,,,0.25,0.25,0.25,,,,0.17827160493827165,0.17827160493827165,0.17827160493827165
1.0.0,E1028592,1028592,binary_set,crypto_regulation,clarity_act,final,True,,,2026-09-26T06:01:45Z,B,,,,9.216666666666667e-05,1.9166666666666664e-05,9.833333333333333e-06,9.833333333333333e-06,,,0.25,0.25,0.25,0.25,,,0.02532123960695389,0.021270313681027966,0.021270313681027966,0.021270313681027966
1.0.0,E10319,10319,binary_set,macro,cpi,final,True,,,2024-05-15T12:00:00Z,B,,0.540225,0.3364,0.34222499999999995,0.354025,0.34809999999999997,0.32489999999999997,0.25,0.25,0.25,0.25,0.25,0.25,0.34451795841209837,0.34451795841209837,0.34451795841209837,0.34451795841209837,0.34451795841209837,0.34451795841209837
1.0.0,E1034268,1034268,binary_set,fed,fomc_decision,pending,False,E770450,,,,,,,,,,,,,,,,,,,,,,
1.0.0,E10483,10483,binary_set,fed,fomc_decision,final,False,E11878,,2024-12-18T19:00:00Z,A,,0.000256,1.2250000000000001e-05,1.2250000000000001e-05,3.0249999999999997e-05,9e-06,2.5e-07,0.25,0.25,0.25,0.25,0.25,0.25,0.07354208560758403,0.07354208560758403,0.07354208560758403,0.07354208560758403,0.07354208560758403,0.07354208560758403
1.0.0,E10535,10535,multiclass,fed,fomc_decision,final,True,,,2024-06-12T18:00:00Z,A,4,0.005872169469639709,0.0015618425286502877,0.002039895177126124,0.0026363020130471836,0.0022081436237936574,0.002086671255840427,0.75,0.75,0.75,0.75,0.75,0.75,,,,,,
1.0.0,E10590,10590,binary_set,crypto_events,etf_decision,final,True,,,2024-05-23T22:00:03Z,B,,,0.5929,0.585225,0.055224999999999996,0.008099999999999994,0.019600000000000003,,0.25,0.25,0.25,0.25,0.25,,0.25,0.25,0.25,0.25,0.25
1.0.0,E106812,106812,multiclass,macro,unemployment,final,True,,,2026-01-09T00:00:00Z,B,6,,0.9602104308390023,1.013279416883356,0.8893077629146067,0.8121815259396052,0.8795723567105732,,0.8333333333333334,0.8333333333333334,0.8333333333333334,0.8333333333333334,0.8333333333333334,,,,,,
1.0.0,E106822,106822,multiclass,macro,nonfarm_payrolls,final,True,,,2026-01-09T00:00:00Z,B,7,,0.8980651083962997,0.7737985919804101,0.6170225834851865,0.5870585487056424,0.7045548302555267,,0.8571428571428572,0.8571428571428572,0.8571428571428572,0.8571428571428572,0.8571428571428572,,,,,,
1.0.0,E106884,106884,binary_set,fed,rate_path,final,True,,,2026-01-28T00:00:00Z,B,,0.004261083333333334,0.0013845833333333334,0.00026104166666666664,0.00015399999999999998,0.000131875,0.00015695833333333336,0.25,0.25,0.25,0.25,0.25,0.25,0.04035905266531984,0.040094045177788085,0.04059130194917613,0.04059130194917613,0.04059130194917613,0.040858218096118205
1.0.0,E106928,106928,multiclass,fed,rate_path,final,True,,,2026-01-28T23:01:04Z,B,9,0.5992222023364655,0.35653875219564,0.30181507499322713,0.2873096345465258,0.27941943547893033,0.2047629776061092,0.8888888888888888,0.8888888888888888,0.8888888888888888,0.8888888888888888,0.8888888888888888,0.8888888888888888,,,,,,
1.0.0,E1071611,1071611,multiclass,fed,rate_path,pending,True,,,,,,,,,,,,,,,,,,,,,,,
1.0.0,E10749,10749,binary_set,macro,cpi,final,True,,,2024-06-12T12:00:00Z,B,,,0.245025,0.08702499999999999,0.08122499999999999,0.08122499999999999,0.07840000000000001,,0.25,0.25,0.25,0.25,0.25,,0.3300135808057945,0.3300135808057945,0.3300135808057945,0.3300135808057945,0.3300135808057945
1.0.0,E10785,10785,binary_set,crypto_events,etf_decision,final,True,,,2024-07-03T12:00:00Z,B,,0.354025,0.6006250000000001,0.555025,0.0012602499999999999,0.00038025,1.6e-05,0.25,0.25,0.25,0.25,0.25,0.25,0.390625,0.390625,0.390625,0.390625,0.390625,0.390625
1.0.0,E110173,110173,binary_set,macro,unemployment,final,True,,,2025-12-19T00:00:00Z,B,,,,,,,0.245025,,,,,,0.25,,,,,,0.6143170197224251
1.0.0,E11073,11073,binary_set,macro,cpi,final,True,,,2024-07-11T12:00:00Z,B,,,0.286225,0.2916,0.245025,0.20702500000000001,0.2601,,0.25,0.25,0.25,0.25,0.25,,0.31640625,0.31640625,0.31640625,0.31640625,0.31640625
1.0.0,E11074,11074,multiclass,fed,fomc_decision,final,True,,,2024-07-31T18:00:00Z,A,4,0.013837102546326653,0.008447737545091547,0.005799529737117166,0.006444310881024538,0.003814757060468806,0.0018278479706671377,0.75,0.75,0.75,0.75,0.75,0.75,,,,,,
1.0.0,E1108531,1108531,multiclass,fed,rate_path,pending,True,,,,,,,,,,,,,,,,,,,,,,,
1.0.0,E111039,111039,multiclass,macro,cpi,final,True,,,2026-02-11T00:00:00Z,B,5,0.7879971967975534,0.639008257504254,0.7002429969348785,0.5067192634385269,0.4606189919522113,0.5367510578771157,0.8,0.8,0.8,0.8,0.8,0.8,,,,,,
1.0.0,E111050,111050,multiclass,macro,cpi,final,True,,,2026-02-11T00:00:00Z,B,5,0.023419403014221157,0.007517600974849548,0.0026952042391030443,0.0013143021043212804,0.0011205002834467127,0.0017032031073356299,0.8,0.8,0.8,0.8,0.8,0.8,,,,,,
1.0.0,E1116432,1116432,multiclass,macro,pce,pending,True,,,,,,,,,,,,,,,,,,,,,,,
1.0.0,E1116436,1116436,multiclass,macro,pce,pending,True,,,,,,,,,,,,,,,,,,,,,,,
1.0.0,E1116489,1116489,binary_set,macro,treasury_liquidity,final,True,,,2026-10-05T18:00:21Z,B,,,,,0.03422500000000002,0.019600000000000003,0.004224999999999993,,,,0.25,0.25,0.25,,,,0.2815493544356517,0.2815493544356517,0.27404170983289045
1.0.0,E1116490,1116490,binary_set,macro,treasury_liquidity,pending,True,,,,,,,,,,,,,,,,,,,,,,,
1.0.0,E1116491,1116491,binary_set,macro,treasury_liquidity,final,True,,,2026-10-07T20:00:23Z,B,,,,,0.0625,0.09548100000000004,0.004830250000000001,,,,0.25,0.25,0.25,,,,0.2815493544356517,0.27040000000000003,0.27040000000000003
1.0.0,E1116492,1116492,binary_set,macro,treasury_liquidity,pending,True,,,,,,,,,,,,,,,,,,,,,,,
1.0.0,E1116494,1116494,binary_set,macro,treasury_liquidity,pending,True,,,,,,,,,,,,,,,,,,,,,,,
1.0.0,E1116495,1116495,binary_set,macro,treasury_liquidity,pending,True,,,,,,,,,,,,,,,,,,,,,,,
1.0.0,E1116496,1116496,binary_set,macro,treasury_liquidity,pending,True,,,,,,,,,,,,,,,,,,,,,,,
1.0.0,E1116497,1116497,binary_set,macro,treasury_liquidity,pending,True,,,,,,,,,,,,,,,,,,,,,,,
1.0.0,E1116514,1116514,binary_set,macro,treasury_liquidity,pending,True,,,,,,,,,,,,,,,,,,,,,,,
1.0.0,E1116515,1116515,binary_set,macro,treasury_liquidity,pending,True,,,,,,,,,,,,,,,,,,,,,,,
1.0.0,E1120074,1120074,multiclass,macro,nonfarm_payrolls,pending,True,,,,,,,,,,,,,,,,,,,,,,,
1.0.0,E1120075,1120075,multiclass,macro,unemployment,pending,True,,,,,,,,,,,,,,,,,,,,,,,
1.0.0,E11341,11341,binary_set,crypto_events,etf_decision,final,True,,,2024-07-23T08:00:01Z,B,,,0.012099999999999998,0.0025000000000000044,0.0004622499999999984,0.00048400000000000087,0.009120250000000005,,0.25,0.25,0.25,0.25,0.25,,0.19753086419753085,0.19753086419753085,0.19753086419753085,0.19753086419753085,0.19753086419753085
1.0.0,E11580,11580,binary_set,crypto_regulation,government_policy,final,True,,,2024-07-28T03:00:01Z,B,,,,0.5328999999999999,0.5112250000000002,0.3844,0.0031922499999999993,,,0.25,0.25,0.25,0.25,,,0.25,0.25,0.25,0.25
1.0.0,E11696,11696,multiclass,fed,fomc_decision,final,True,,,2024-09-18T18:00:00Z,A,4,1.3596007608606706,0.8207401595789984,1.6705630864137397,0.8812417210281768,0.43852577736861326,0.7448896993596877,0.75,0.75,0.75,0.75,0.75,0.75,,,,,,
1.0.0,E11743,11743,binary_set,macro,cpi,final,True,,,2024-08-14T12:00:00Z,B,,,0.21622499999999997,0.27040000000000003,0.09922499999999997,0.0625,0.08410000000000002,,0.25,0.25,0.25,0.25,0.25,,0.20158267388588094,0.20158267388588094,0.20158267388588094,0.20158267388588094,0.20158267388588094
1.0.0,E117452,117452,binary_set,macro,unemployment,final,True,,,2025-12-26T00:00:00Z,B,,,,,0.16000000000000003,0.1444,0.140625,,,,0.25,0.25,0.25,,,,0.5980444444444444,0.5980444444444444,0.5980444444444444
1.0.0,E11821,11821,binary_set,fed,emergency_action,final,True,,,2024-12-31T12:00:00Z,B,,0.00028900000000000003,0.000256,2.5e-05,9e-06,2.25e-06,2.25e-06,0.25,0.25,0.25,0.25,0.25,0.25,0.1111111111111111,0.1111111111111111,0.1111111111111111,0.1111111111111111,0.1111111111111111,0.1111111111111111
1.0.0,E11827,11827,binary_set,fed,fomc_decision,final,True,,,2024-11-07T19:00:00Z,A,,0.015473099999999998,0.010164650000000004,0.007065100000000002,0.0012660999999999985,0.0003385999999999996,7.160000000000009e-05,0.25,0.25,0.25,0.25,0.25,0.25,0.16604938271604938,0.16604938271604938,0.16604938271604938,0.16604938271604938,0.16604938271604938,0.16604938271604938
1.0.0,E11862,11862,binary_set,fed,fomc_decision,final,False,E11696,,2024-09-18T18:00:00Z,A,,0.0006002500000000001,0.00021025000000000001,4.9000000000000005e-05,4.225e-05,0.00019600000000000002,0.000144,0.25,0.25,0.25,0.25,0.25,0.25,0.08163265306122448,0.08163265306122448,0.08163265306122448,0.08163265306122448,0.08163265306122448,0.08163265306122448
1.0.0,E11864,11864,binary_set,fed,emergency_action,final,True,,,2024-08-31T12:00:00Z,B,,,7.225000000000001e-05,1.2250000000000001e-05,6.25e-06,4e-06,2.25e-06,,0.25,0.25,0.25,0.25,0.25,,0.25,0.25,0.25,0.25,0.25
1.0.0,E11872,11872,binary_set,macro,gdp,final,True,,,2024-10-30T12:00:00Z,B,,0.00034224999999999994,0.000676,0.00012099999999999999,0.000169,0.00019600000000000002,0.00028900000000000003,0.25,0.25,0.25,0.25,0.25,0.25,0.25,0.25,0.25,0.25,0.25,0.25
1.0.0,E11878,11878,multiclass,fed,fomc_decision,final,True,,,2024-12-18T19:00:00Z,A,6,0.24749077560615776,0.15221905615599993,0.005770297910561397,0.0019771021324494205,0.0017040901156785333,0.0009735519226028733,0.8333333333333334,0.8333333333333334,0.8333333333333334,0.8333333333333334,0.8333333333333334,0.8333333333333334,,,,,,
1.0.0,E119828,119828,multiclass,macro,gdp,final,True,,,2026-04-30T00:00:00Z,B,7,0.7282704586866534,0.7885843847817592,0.6310340000221044,0.7034729735666269,0.611763964683814,0.7069330459656625,0.8571428571428572,0.8571428571428572,0.8571428571428572,0.8571428571428572,0.8571428571428572,0.8571428571428572,,,,,,
1.0.0,E12040,12040,binary_set,macro,cpi,final,True,,,2024-09-11T12:00:00Z,B,,,0.12249999999999998,0.17640000000000003,0.16000000000000003,0.18490000000000004,0.08410000000000002,,0.25,0.25,0.25,0.25,0.25,,0.19359999999999997,0.19359999999999997,0.19359999999999997,0.19359999999999997,0.19359999999999997
1.0.0,E12064,12064,binary_set,macro,cpi,final,True,,,2024-09-11T12:00:00Z,B,,,0.0004410000000000008,0.000576000000000001,0.00048400000000000087,0.0002890000000000005,4.9000000000000087e-05,,0.25,0.25,0.25,0.25,0.25,,0.19359999999999997,0.19359999999999997,0.19359999999999997,0.19359999999999997,0.19359999999999997
1.0.0,E12108,12108,binary_set,macro,cpi,final,True,,,2024-09-11T12:00:00Z,B,,,0.16809999999999997,0.16000000000000003,0.16809999999999997,0.20702500000000001,0.34222499999999995,,0.25,0.25,0.25,0.25,0.25,,0.31360000000000005,0.31360000000000005,0.31360000000000005,0.31360000000000005,0.31360000000000005
1.0.0,E12373,12373,binary_set,macro,unemployment,final,True,,,2024-09-06T12:00:00Z,B,,,,,,0.33062499999999995,0.245025,,,,,0.25,0.25,,,,,0.32653061224489793,0.32653061224489793
1.0.0,E12548,12548,binary_set,macro,cpi,final,True,,,2024-10-10T12:00:00Z,B,,,0.10562499999999997,0.08122500000000002,0.065025,0.03999999999999998,0.011024999999999997,,0.25,0.25,0.25,0.25,0.25,,0.1883232467070132,0.1883232467070132,0.1883232467070132,0.1883232467070132,0.1883232467070132
1.0.0,E12612,12612,binary_set,fed,leadership,final,True,,,2024-09-18T12:00:00Z,B,,,,,,,0.044099999999999986,,,,,,0.25,,,,,,0.25
1.0.0,E12632,12632,binary_set,macro,unemployment,final,True,,,2024-10-04T12:00:00Z,B,,,0.30250000000000005,0.4830249999999999,0.44222500000000003,0.378225,0.30802500000000005,,0.25,0.25,0.25,0.25,0.25,,0.25,0.25,0.25,0.25,0.25
1.0.0,E12862,12862,binary_set,macro,recession,final,True,,,2025-04-30T12:00:00Z,B,,0.00013225,6.4e-05,2.0249999999999998e-05,2.5e-05,2.25e-06,2.25e-06,0.25,0.25,0.25,0.25,0.25,0.25,0.390625,0.390625,0.390625,0.390625,0.390625,0.390625
1.0.0,E13274,13274,binary_set,macro,unemployment,final,True,,,2024-11-01T12:00:00Z,B,,,0.265225,0.16402500000000003,0.18489999999999998,0.255025,0.18489999999999998,,0.25,0.25,0.25,0.25,0.25,,0.19753086419753085,0.19753086419753085,0.19753086419753085,0.19753086419753085,0.19753086419753085
1.0.0,E13275,13275,multiclass,macro,nonfarm_payrolls,final,True,,,2024-11-01T12:00:00Z,B,5,,0.5317285059089035,0.5960988430518693,0.6736567386277786,0.8325996430696014,0.8249736222709195,,0.8,0.8,0.8,0.8,0.8,,,,,,
1.0.0,E13337,13337,binary_set,macro,cpi,final,True,,,2024-11-13T12:00:00Z,B,,0.03422500000000002,0.09302500000000002,0.06760000000000001,0.028900000000000012,0.04622499999999999,0.022500000000000006,0.25,0.25,0.25,0.25,0.25,0.25,0.18141289437585734,0.18141289437585734,0.18141289437585734,0.18141289437585734,0.18141289437585734,0.18141289437585734
1.0.0,E138976,138976,binary_set,macro,unemployment,pending,True,,,,,,,,,,,,,,,,,,,,,,,
1.0.0,E139007,139007,binary_set,fed,leadership,final,True,,,2026-03-31T00:00:00Z,B,,0.00912025,4.225e-05,5.625e-05,2.0249999999999998e-05,2.5e-07,2.5e-07,0.25,0.25,0.25,0.25,0.25,0.25,0.022056661111655718,0.01495781791832721,0.016530612244897956,0.016530612244897956,0.016530612244897956,0.016530612244897956
1.0.0,E139379,139379,binary_set,fed,leadership,final,True,,,2026-01-03T08:24:25Z,B,,,,,,,0.036821214285714284,,,,,,0.25,,,,,,0.04325886733294141
1.0.0,E139894,139894,binary_set,fed,leadership,final,True,,,2026-04-01T08:23:03Z,B,,,,0.09867291666666667,0.10390025000000001,0.09305716666666668,0.10573866666666666,,,0.25,0.25,0.25,0.25,,,0.5015521370976527,0.49399117292623546,0.4960511015695909,0.4971355918049585
1.0.0,E14199,14199,binary_set,crypto_regulation,government_policy,final,True,,,2025-04-29T12:00:00Z,B,,0.065025,0.007225000000000001,0.0042250000000000005,0.007225000000000001,0.003025,0.00055225,0.25,0.25,0.25,0.25,0.25,0.25,0.1111111111111111,0.08163265306122448,0.08163265306122448,0.08163265306122448,0.08163265306122448,0.08163265306122448
1.0.0,E14218,14218,binary_set,fed,leadership,final,True,,,2025-04-29T12:00:00Z,B,,0.000225,0.00018224999999999998,0.00011025000000000001,2.5e-05,2.5e-07,2.5e-07,0.25,0.25,0.25,0.25,0.25,0.25,0.4444444444444444,0.4444444444444444,0.4444444444444444,0.4444444444444444,0.4444444444444444,0.4444444444444444
1.0.0,E14220,14220,multiclass,fed,fomc_decision,final,True,,,2025-01-29T19:00:00Z,A,5,0.017756850607220865,0.0015154134613590694,0.00019621435771172184,0.0007520000000000008,0.00038822316544594534,0.0007375242140476951,0.8,0.8,0.8,0.8,0.8,0.8,,,,,,
1.0.0,E14389,14389,multiclass,macro,nonfarm_payrolls,final,True,,,2024-12-06T12:00:00Z,B,5,,0.7426951172625913,0.6380718954248367,0.682468228706967,0.5340458180916361,0.41592260036084616,,0.8,0.8,0.8,0.8,0.8,,,,,,
1.0.0,E14422,14422,multiclass,macro,unemployment,final,True,,,2024-12-06T12:00:00Z,B,4,,0.7109284890426759,0.9976410164531637,0.7278738025822574,0.6551966803368197,0.6314659600748393,,0.75,0.75,0.75,0.75,0.75,,,,,,
1.0.0,E145648,145648,binary_set,fed,leadership,final,True,,,2026-05-31T03:59:00Z,B,,0.005625,0.00034224999999999994,0.00024024999999999999,0.00011025000000000001,6.25e-06,2.5e-07,0.25,0.25,0.25,0.25,0.25,0.25,0.020847035946123707,0.02387223931183113,0.024579862108589486,0.024579862108589486,0.024579862108589486,0.024579862108589486
1.0.0,E14629,14629,binary_set,crypto_events,etf_decision,final,True,,,2025-06-30T23:00:07Z,B,,0.7055999999999999,0.08702500000000002,0.21159999999999995,0.275625,0.16810000000000003,0.011880999999999997,0.25,0.25,0.25,0.25,0.25,0.25,0.16000000000000003,0.16000000000000003,0.16000000000000003,0.16000000000000003,0.16000000000000003,0.16000000000000003
1.0.0,E14630,14630,binary_set,crypto_events,etf_decision,final,True,,,2025-07-31T12:00:00Z,B,,0.018225,0.0009609999999999999,0.00042025000000000005,0.00021025000000000001,0.000144,2.25e-06,0.25,0.25,0.25,0.25,0.25,0.25,0.4049586776859504,0.4049586776859504,0.4049586776859504,0.4049586776859504,0.4049586776859504,0.4049586776859504
1.0.0,E153669,153669,multiclass,macro,unemployment,final,True,,,2026-02-06T00:00:00Z,B,6,,0.9169507046802625,0.8697157382008063,0.7499320622666665,0.7834323477299915,0.7045678113322499,,0.8333333333333334,0.8333333333333334,0.8333333333333334,0.8333333333333334,0.8333333333333334,,,,,,
1.0.0,E153683,153683,multiclass,macro,nonfarm_payrolls,final,True,,,2026-02-06T00:00:00Z,B,7,,1.0010245255458923,0.9921441711321846,1.0272456404683774,0.9601962351820853,1.0474330242860803,,0.8571428571428572,0.8571428571428572,0.8571428571428572,0.8571428571428572,0.8571428571428572,,,,,,
1.0.0,E15381,15381,multiclass,macro,cpi,final,True,,,2025-01-15T12:00:00Z,B,4,0.15926566705113412,0.08308345180665054,0.12080691072003166,0.10252989784385627,0.09262893997941668,0.0698194383961549,0.75,0.75,0.75,0.75,0.75,0.75,,,,,,
1.0.0,E15392,15392,multiclass,macro,nonfarm_payrolls,final,True,,,2025-01-10T12:00:00Z,B,6,,1.164895313462709,0.924603393419732,1.1095561104469969,1.0857092631503182,0.9739493373016231,,0.8333333333333334,0.8333333333333334,0.8333333333333334,0.8333333333333334,0.8333333333333334,,,,,,
1.0.0,E15396,15396,multiclass,macro,unemployment,final,True,,,2025-01-10T12:00:00Z,B,4,,0.8670468470166839,1.0920521769263136,1.063985722784057,1.137241446916969,1.1623431133678672,,0.75,0.75,0.75,0.75,0.75,,,,,,
1.0.0,E15398,15398,multiclass,fed,leadership,pending,True,,,,,,,,,,,,,,,,,,,,,,,
1.0.0,E15441,15441,binary_set,crypto_regulation,government_policy,final,True,,,2025-03-31T12:00:00Z,B,,0.00366025,0.000256,9e-06,1.2250000000000001e-05,9e-06,2.5e-07,0.25,0.25,0.25,0.25,0.25,0.25,0.25,0.1111111111111111,0.1111111111111111,0.1111111111111111,0.1111111111111111,0.1111111111111111
1.0.0,E15665,15665,multiclass,fed,fomc_decision,final,True,,,2025-03-19T18:00:00Z,A,4,0.0013128729412445728,0.009881252623995352,0.001004504253127066,0.00045716949334862996,0.00014870244640474535,0.00022061665092967662,0.75,0.75,0.75,0.75,0.75,0.75,,,,,,
1.0.0,E158505,158505,binary_set,crypto_regulation,clarity_act,pending,True,,,,,,,,,,,,,,,,,,,,,,,
1.0.0,E158656,158656,binary_set,fed,leadership,final,True,,,2026-07-01T03:59:00Z,B,,0.000529,0.0001,1.6e-05,2.5e-07,2.5e-07,2.5e-07,0.25,0.25,0.25,0.25,0.25,0.25,0.024372874717370794,0.024372874717370794,0.024372874717370794,0.024372874717370794,0.024168490925782077,0.024168490925782077
1.0.0,E159880,159880,binary_set,fed,leadership,final,True,,,2026-01-17T07:47:18Z,B,,,,,0.0007930000000000001,2.6000000000000002e-05,6.25e-06,,,,0.25,0.25,0.25,,,,0.009995859258992046,0.011101697939822618,0.014739229024943309
1.0.0,E159886,159886,binary_set,fed,leadership,final,True,,,2026-03-31T00:00:00Z,B,,9.025e-05,3.0249999999999997e-05,4e-06,4e-06,2.5e-07,2.5e-07,0.25,0.25,0.25,0.25,0.25,0.25,0.022056661111655718,0.01495781791832721,0.016530612244897956,0.016530612244897956,0.016530612244897956,0.016530612244897956
1.0.0,E159892,159892,binary_set,fed,leadership,pending,True,,,,,,,,,,,,,,,,,,,,,,,
1.0.0,E159954,159954,multiclass,fed,rate_path,pending,True,,,,,,,,,,,,,,,,,,,,,,,
1.0.0,E160426,160426,binary_set,fed,leadership,final,True,,,2026-01-31T00:00:00Z,B,,,0.00015625000000000003,7.225000000000001e-05,4.225e-05,2.5e-05,1.2250000000000001e-05,,0.25,0.25,0.25,0.25,0.25,,0.00929017273914937,0.01070154577883472,0.01070154577883472,0.012913223140495866,0.02040816326530612
1.0.0,E160632,160632,binary_set,fed,leadership,final,True,,,2026-01-31T00:00:00Z,B,,,0.140625,0.11222500000000002,0.015625,0.0121,0.060024999999999995,,0.25,0.25,0.25,0.25,0.25,,0.00929017273914937,0.01070154577883472,0.01070154577883472,0.012913223140495866,0.02040816326530612
1.0.0,E16084,16084,binary_set,fed,fomc_decision,final,False,E35090,,2025-12-10T19:00:00Z,A,,0.00018224999999999998,6.4e-05,3.6e-05,9e-06,7.225000000000001e-05,6.25e-06,0.25,0.25,0.25,0.25,0.25,0.25,0.06781684027777779,0.06781684027777779,0.06781684027777779,0.06781684027777779,0.07184610479328302,0.07184610479328302
1.0.0,E16085,16085,multiclass,fed,rate_path,final,True,,,2025-09-17T21:39:36Z,B,9,0.8742914755389967,0.8795839297261999,0.4979622768565872,0.4066807100974476,0.39119211373753926,0.22554988460380554,0.8888888888888888,0.8888888888888888,0.8888888888888888,0.8888888888888888,0.8888888888888888,0.8888888888888888,,,,,,
1.0.0,E16089,16089,binary_set,macro,treasury_liquidity,final,True,,,2025-06-30T12:00:00Z,B,,0.009025,0.0006002500000000001,0.00015625000000000003,4.225e-05,2.25e-06,2.25e-06,0.25,0.25,0.25,0.25,0.25,0.25,0.0877914951989026,0.09631391200951249,0.09,0.08428720083246619,0.08428720083246619,0.08428720083246619
1.0.0,E16092,16092,binary_set,macro,recession,final,True,,,2026-01-01T09:23:25Z,B,,0.00021025000000000001,0.00011025000000000001,3.6e-05,6.25e-06,6.25e-06,2.5e-07,0.25,0.25,0.25,0.25,0.25,0.25,0.308641975308642,0.308641975308642,0.308641975308642,0.308641975308642,0.308641975308642,0.308641975308642
1.0.0,E16093,16093,binary_set,fed,emergency_action,final,True,,,2025-12-31T12:00:00Z,B,,0.00019600000000000002,2.5e-05,9e-06,2.25e-06,2.25e-06,2.25e-06,0.25,0.25,0.25,0.25,0.25,0.25,0.0625,0.0625,0.0625,0.0625,0.0625,0.0625
1.0.0,E16170,16170,binary_set,crypto_regulation,government_policy,final,True,,,2025-12-31T12:00:00Z,B,,0.000576,6.4e-05,2.0249999999999998e-05,6.25e-06,4e-06,4e-06,0.25,0.25,0.25,0.25,0.25,0.25,0.1111111111111111,0.1111111111111111,0.1111111111111111,0.1111111111111111,0.1111111111111111,0.1111111111111111
1.0.0,E162276,162276,multiclass,fed,leadership,final,True,,,2026-05-13T19:00:09Z,B,13,1.1347282879429588,0.8910449152919642,0.5383025740133918,0.5740024823431891,0.6561602101060696,0.6184224763605932,0.9230769230769231,0.9230769230769231,0.9230769230769231,0.9230769230769231,0.9230769230769231,0.9230769230769231,,,,,,
1.0.0,E162306,162306,multiclass,fed,rate_path,final,True,,,2026-01-28T00:00:00Z,B,5,,,0.43470066816671465,0.5145336040684513,0.6558510462414365,0.5778551682937232,,,0.8,0.8,0.8,0.8,,,,,,
1.0.0,E16239,16239,binary_set,crypto_events,etf_decision,final,True,,,2025-10-27T20:00:17Z,B,,0.010403999999999997,0.008010250000000003,0.05107599999999999,0.09672100000000003,0.064009,0.004970250000000001,0.25,0.25,0.25,0.25,0.25,0.25,0.17361111111111108,0.17361111111111108,0.17361111111111108,0.17361111111111108,0.17361111111111108,0.17361111111111108
1.0.0,E16248,16248,binary_set,crypto_events,etf_decision,final,True,,,2025-12-31T12:00:00Z,B,,0.04000000000000001,0.0008410000000000001,0.00019600000000000002,0.00034224999999999994,0.00011025000000000001,2.0249999999999998e-05,0.25,0.25,0.25,0.25,0.25,0.25,0.37869822485207105,0.37869822485207105,0.37869822485207105,0.37869822485207105,0.37869822485207105,0.37869822485207105
1.0.0,E164580,164580,multiclass,macro,cpi,final,True,,,2026-02-11T00:00:00Z,B,7,,0.7014881134578104,0.6784653160669759,0.48282052717103924,0.4657782794230523,0.5346512794494629,,0.8571428571428572,0.8571428571428572,0.8571428571428572,0.8571428571428572,0.8571428571428572,,,,,,
1.0.0,E165897,165897,binary_set,fed,leadership,final,True,,,2026-02-12T23:00:13Z,B,,,0.008099999999999994,0.0036000000000000064,0.004224999999999993,0.007224999999999994,0.0036000000000000064,,0.25,0.25,0.25,0.25,0.25,,0.8038049940546969,0.7450415512465375,0.7475043402777778,0.7475043402777778,0.7475043402777778
1.0.0,E16695,16695,multiclass,macro,nonfarm_payrolls,final,True,,,2025-02-07T12:00:00Z,B,6,,0.9396311719214754,1.0062,1.042019117532774,1.0382185249963984,0.9594056442286214,,0.8333333333333334,0.8333333333333334,0.8333333333333334,0.8333333333333334,0.8333333333333334,,,,,,
1.0.0,E16707,16707,multiclass,macro,unemployment,final,True,,,2025-02-07T12:00:00Z,B,4,,0.92985,0.9669953977646285,0.9656575520833334,0.9573571218507989,1.101676391645607,,0.75,0.75,0.75,0.75,0.75,,,,,,
1.0.0,E16709,16709,multiclass,macro,cpi,final,True,,,2025-01-15T12:00:00Z,B,3,,,,,0.2872452902729719,0.28425829309131506,,,,,0.6666666666666667,0.6666666666666667,,,,,,
1.0.0,E16790,16790,multiclass,macro,cpi,final,True,,,2025-02-12T12:00:00Z,B,4,,0.7931717547507907,1.0352976147810211,0.7715822233685266,0.8200157338236078,0.699416403885565,,0.75,0.75,0.75,0.75,0.75,,,,,,
1.0.0,E16808,16808,multiclass,macro,cpi,final,True,,,2025-01-12T12:00:00Z,B,4,,,,,,,,,,,,,,,,,,
1.0.0,E16834,16834,binary_set,crypto_regulation,government_policy,final,True,,,2025-12-31T12:00:00Z,B,,0.000225,9.025e-05,3.0249999999999997e-05,2.0249999999999998e-05,3.0249999999999997e-05,1.2250000000000001e-05,0.25,0.25,0.25,0.25,0.25,0.25,0.1111111111111111,0.1111111111111111,0.1111111111111111,0.1111111111111111,0.1111111111111111,0.1111111111111111
1.0.0,E17012,17012,binary_set,crypto_regulation,government_policy,final,True,,,2025-02-28T12:00:00Z,B,,0.0036,0.0025000000000000005,0.00046224999999999993,5.625e-05,4.225e-05,4.9000000000000005e-05,0.25,0.25,0.25,0.25,0.25,0.25,0.4444444444444444,0.4444444444444444,0.4444444444444444,0.4444444444444444,0.4444444444444444,0.4444444444444444
1.0.0,E17140,17140,multiclass,fed,fomc_decision,final,True,,,2025-05-07T18:00:00Z,A,4,0.13498834169504842,0.01387944697619452,0.009628977393665071,0.0011043953285725934,0.000785927359353931,0.0010169999999999984,0.75,0.75,0.75,0.75,0.75,0.75,,,,,,
1.0.0,E17505,17505,binary_set,fed,leadership,final,True,,,2025-12-31T12:00:00Z,B,,0.000576,3.0249999999999997e-05,1.2250000000000001e-05,6.25e-06,9e-06,6.25e-06,0.25,0.25,0.25,0.25,0.25,0.25,0.02972651605231867,0.027777777777777776,0.02040816326530612,0.02040816326530612,0.02040816326530612,0.018121301775147928
1.0.0,E176745,176745,multiclass,fed,leadership,pending,True,,,,,,,,,,,,,,,,,,,,,,,
1.0.0,E17792,17792,multiclass,fed,fomc_decision,final,True,,,2025-06-18T18:00:00Z,A,4,0.021461980634071936,0.0025009999999999985,0.0012719072832379154,0.0010009999999999984,0.0004905184725364502,0.0002684628059253453,0.75,0.75,0.75,0.75,0.75,0.75,,,,,,
1.0.0,E17880,17880,binary_set,macro,cpi,final,True,,,2025-12-31T12:00:00Z,B,,0.03031120833333333,0.030146916666666662,0.0005601666666666666,2.2624999999999998e-05,1.5333333333333334e-05,9.208333333333333e-06,0.25,0.25,0.25,0.25,0.25,0.25,0.11542570677186063,0.11249565988966477,0.10724667419034915,0.10724667419034915,0.10724667419034915,0.10724667419034915
1.0.0,E17892,17892,multiclass,macro,cpi,final,True,,,2025-03-12T15:53:35Z,B,5,0.7527730848916204,0.9003939584388659,0.7735120094542092,1.0269885852287812,0.853866127395876,4.985033682626391e-06,0.8,0.8,0.8,0.8,0.8,0.8,,,,,,
1.0.0,E17894,17894,multiclass,macro,cpi,final,True,,,2025-03-12T15:48:27Z,B,5,0.6227421474400268,0.9380180782572644,1.0627029374384962,0.9916612079351536,0.9662213008996227,4.985033682626391e-06,0.8,0.8,0.8,0.8,0.8,0.8,,,,,,
1.0.0,E18119,18119,multiclass,macro,unemployment,final,True,,,2025-03-07T12:00:00Z,B,5,,0.514989636080907,0.6122763782314778,0.6194179686936855,0.5618970282250986,0.6647998704123528,,0.8,0.8,0.8,0.8,0.8,,,,,,
1.0.0,E18120,18120,multiclass,macro,nonfarm_payrolls,final,True,,,2025-03-07T12:00:00Z,B,6,,0.7857051596112309,0.7118055555555557,0.7152519340901599,0.7845431820409764,0.7249529666288143,,0.8333333333333334,0.8333333333333334,0.8333333333333334,0.8333333333333334,0.8333333333333334,,,,,,
1.0.0,E182146,182146,multiclass,macro,gdp,pending,True,,,,,,,,,,,,,,,,,,,,,,,
1.0.0,E183657,183657,multiclass,macro,cpi,pending,True,,,,,,,,,,,,,,,,,,,,,,,
1.0.0,E192022,192022,multiclass,fed,rate_path,final,True,,,2026-03-18T00:00:00Z,B,5,0.6226293869234942,0.6835513080853007,0.8518134843716527,0.8363285003057034,0.9338706841597082,0.8603055442782794,0.8,0.8,0.8,0.8,0.8,0.8,,,,,,
1.0.0,E192082,192082,multiclass,fed,rate_path,final,True,,,2026-03-18T21:22:17Z,B,9,0.7506365190249702,0.2693643240030969,0.31753535605513017,0.22852360844677924,0.1556095820455751,0.1582654884059768,0.8888888888888888,0.8888888888888888,0.8888888888888888,0.8888888888888888,0.8888888888888888,0.8888888888888888,,,,,,
1.0.0,E192696,192696,binary_set,fed,rate_path,final,True,,,2026-03-18T00:00:00Z,B,,0.390625,0.32489999999999997,0.616225,0.6006250000000001,0.6241000000000001,0.801025,0.25,0.25,0.25,0.25,0.25,0.25,0.044524871643801034,0.0429348267186105,0.04591836734693877,0.04591836734693877,0.04591836734693877,0.04591836734693877
1.0.0,E192697,192697,binary_set,fed,rate_path,final,True,,,2026-03-05T13:00:23Z,B,,0.009900250000000006,0.01155625000000001,0.011663999999999997,0.01311025000000001,0.005112250000000001,0.00416025,0.25,0.25,0.25,0.25,0.25,0.25,0.6310594811773954,0.6225065230199477,0.6285204123041961,0.6285204123041961,0.6285204123041961,0.6285204123041961
1.0.0,E193747,193747,binary_set,fed,leadership,final,True,,,2026-02-03T07:18:38Z,B,,,,,0.07130634999999999,0.009451950000000004,0.008833799999999998,,,,0.25,0.25,0.25,,,,0.16275704464486324,0.16275704464486324,0.16275704464486324
1.0.0,E193773,193773,binary_set,fed,leadership,final,True,,,2026-04-26T14:00:09Z,B,,,,0.028620416666666676,0.011794166666666673,0.0013074166666666687,0.0018555000000000015,,,0.25,0.25,0.25,0.25,,,0.4988496264188142,0.5000974929507883,0.5036429082764697,0.5011034627744032
1.0.0,E193830,193830,binary_set,fed,leadership,final,True,,,2026-04-28T23:00:04Z,B,,0.02219435714285714,0.06309960714285714,0.03315614285714285,0.008668249999999999,0.007153571428571427,0.007390714285714287,0.25,0.25,0.25,0.25,0.25,0.25,0.4407422923204254,0.4378478914157507,0.43247841667359876,0.43396007929752545,0.4294729376154562,0.4280773970219964
1.0.0,E193999,193999,binary_set,fed,leadership,final,True,,,2026-03-31T00:00:00Z,B,,0.007225000000000001,8.099999999999999e-05,4.9000000000000005e-05,3.0249999999999997e-05,2.5e-07,2.5e-07,0.25,0.25,0.25,0.25,0.25,0.25,0.022056661111655718,0.01495781791832721,0.016530612244897956,0.016530612244897956,0.016530612244897956,0.016530612244897956
1.0.0,E19636,19636,binary_set,macro,treasury_liquidity,final,True,,,2025-03-31T12:00:00Z,B,,0.060024999999999995,0.021025,0.00050625,7.225000000000001e-05,2.0249999999999998e-05,9e-06,0.25,0.25,0.25,0.25,0.25,0.25,0.25,0.4444444444444444,0.4444444444444444,0.4444444444444444,0.4444444444444444,0.4444444444444444
1.0.0,E19637,19637,binary_set,macro,treasury_liquidity,final,True,,,2025-10-16T19:00:19Z,B,,0.01478788888888889,0.007040305555555552,0.012022750000000002,0.0026950277777777767,0.001060944444444445,0.0003655277777777784,0.25,0.25,0.25,0.25,0.25,0.25,0.13534305640603886,0.13534305640603886,0.13534305640603886,0.13534305640603886,0.13534305640603886,0.13534305640603886
1.0.0,E196976,196976,binary_set,fed,rate_path,final,True,,,2026-02-05T17:00:18Z,B,,,,,,,0.7395999999999999,,,,,,0.25,,,,,,0.6310594811773954
1.0.0,E20319,20319,multiclass,macro,gdp,final,True,,,2025-04-30T12:00:00Z,B,6,0.758491288752814,0.9721874489486336,0.979464040902566,0.9416671742617393,0.9162704109353998,0.6098768121624338,0.8333333333333334,0.8333333333333334,0.8333333333333334,0.8333333333333334,0.8333333333333334,0.8333333333333334,,,,,,
1.0.0,E20320,20320,binary_set,macro,gdp,final,True,,,2025-04-30T12:00:00Z,B,,0.3481000000000001,0.5476,0.555025,0.42902500000000005,0.41602500000000003,0.12249999999999998,0.25,0.25,0.25,0.25,0.25,0.25,0.29752066115702475,0.29752066115702475,0.29752066115702475,0.29752066115702475,0.29752066115702475,0.29752066115702475
1.0.0,E20324,20324,binary_set,macro,treasury_liquidity,final,True,,,2025-03-14T18:00:05Z,B,,,,0.3844,0.20702499999999996,0.148225,0.015625,,,0.25,0.25,0.25,0.25,,,0.25,0.25,0.25,0.25
1.0.0,E20377,20377,binary_set,fed,fomc_decision,final,True,,,2025-09-02T09:00:24Z,B,,0.009024999999999995,0.009999999999999995,0.0036000000000000064,0.0036000000000000064,0.0030250000000000055,0.0025000000000000044,0.25,0.25,0.25,0.25,0.25,0.25,0.5581979125379839,0.5581979125379839,0.5581979125379839,0.5581979125379839,0.5581979125379839,0.5581979125379839
1.0.0,E204413,204413,binary_set,fed,rate_path,final,True,,,2026-02-13T00:00:00Z,B,,,,,,0.060024999999999995,0.08122499999999999,,,,,0.25,0.25,,,,,0.045353223593964334,0.045353223593964334
1.0.0,E20465,20465,binary_set,crypto_regulation,government_policy,final,True,,,2025-03-07T12:00:00Z,B,,,,,,,0.0017222500000000003,,,,,,0.25,,,,,,0.25
1.0.0,E205139,205139,multiclass,macro,nonfarm_payrolls,final,True,,,2026-03-06T00:00:00Z,B,8,,0.7277656549626397,0.8514008071168047,0.8063148255547755,0.7368755495920465,0.8214913579973478,,0.875,0.875,0.875,0.875,0.875,,,,,,
1.0.0,E205145,205145,multiclass,macro,unemployment,final,True,,,2026-03-06T00:00:00Z,B,7,,0.6742207767277832,0.6455020780531716,0.5325397839652192,0.669752939622143,0.779577759579423,,0.8571428571428572,0.8571428571428572,0.8571428571428572,0.8571428571428572,0.8571428571428572,,,,,,
1.0.0,E20519,20519,multiclass,macro,unemployment,final,True,,,2025-04-04T12:00:00Z,B,5,,0.6780064014631917,0.6657163306603271,0.5940555233859973,0.45662390257919233,0.18039690137588163,,0.8,0.8,0.8,0.8,0.8,,,,,,
1.0.0,E20521,20521,multiclass,macro,nonfarm_payrolls,final,True,,,2025-04-04T12:00:00Z,B,6,,1.0461224543607874,1.1090512792846612,1.1320654784425623,1.1684907891936178,1.2941888390287932,,0.8333333333333334,0.8333333333333334,0.8333333333333334,0.8333333333333334,0.8333333333333334,,,,,,
1.0.0,E206880,206880,binary_set,fed,rate_path,final,True,,,2026-02-20T00:00:00Z,B,,,,,0.00061,0.00034062500000000005,6.5e-05,,,,0.25,0.25,0.25,,,,0.044524871643801034,0.044524871643801034,0.044524871643801034
1.0.0,E20766,20766,binary_set,crypto_regulation,government_policy,final,True,,,2025-03-14T12:00:00Z,B,,,,,,0.0034809999999999997,0.007921,,,,,0.25,0.25,,,,,0.16000000000000003,0.16000000000000003
1.0.0,E207936,207936,multiclass,macro,cpi,final,True,,,2026-03-11T00:00:00Z,B,7,,0.47630456157991274,0.47461781976859513,0.5333895499886677,0.5293074366703849,0.42368420983495947,,0.8571428571428572,0.8571428571428572,0.8571428571428572,0.8571428571428572,0.8571428571428572,,,,,,
1.0.0,E207993,207993,multiclass,macro,cpi,final,True,,,2026-03-11T00:00:00Z,B,5,,0.4352195396727842,0.512828369615539,0.4929529796531111,0.4759901225001737,0.6106546926436832,,0.8,0.8,0.8,0.8,0.8,,,,,,
1.0.0,E20808,20808,multiclass,macro,cpi,final,True,,,2025-04-10T12:00:00Z,B,5,,0.1537184814694511,0.1422296477809955,0.054793149397736766,0.19334682240548207,0.06253715704834947,,0.8,0.8,0.8,0.8,0.8,,,,,,
1.0.0,E20809,20809,multiclass,macro,cpi,final,True,,,2025-04-10T12:00:00Z,B,5,,0.6986051595088809,0.7854996231273634,0.9770195535191005,1.0174724568709101,0.7948683653265224,,0.8,0.8,0.8,0.8,0.8,,,,,,
1.0.0,E208170,208170,multiclass,macro,cpi,final,True,,,2026-04-10T00:00:00Z,B,9,0.081204085347884,0.0011170551245212625,0.00025350676001326507,0.00028955043811916634,0.00021725845621498038,0.0001991991493495613,0.8888888888888888,0.8888888888888888,0.8888888888888888,0.8888888888888888,0.8888888888888888,0.8888888888888888,,,,,,
1.0.0,E208207,208207,multiclass,macro,unemployment,final,True,,,2026-04-03T00:00:00Z,B,9,0.7036331627725101,0.9150036466978522,0.9027233764836134,,0.8556549744451446,0.8153451224459325,0.8888888888888888,0.8888888888888888,0.8888888888888888,,0.8888888888888888,0.8888888888888888,,,,,,
1.0.0,E21255,21255,multiclass,fed,fomc_decision,final,True,,,2025-07-30T18:00:00Z,A,4,0.055414619862072266,0.0024096782338540565,0.002883230655458435,0.0036943149492868876,0.0012559710917486372,0.00042372786302324097,0.75,0.75,0.75,0.75,0.75,0.75,,,,,,
1.0.0,E21306,21306,binary_set,crypto_regulation,stablecoin,final,True,,,2025-07-17T20:00:08Z,B,,0.006888999999999994,0.005700250000000001,0.0014822499999999983,0.002601000000000005,0.0009000000000000016,0.007832250000000004,0.25,0.25,0.25,0.25,0.25,0.25,0.25,0.25,0.25,0.25,0.25,0.11111111111111113
1.0.0,E218007,218007,binary_set,fed,rate_path,pending,True,,,,,,,,,,,,,,,,,,,,,,,
1.0.0,E22212,22212,binary_set,macro,gdp,final,True,,,2025-07-30T12:00:00Z,B,,0.0017640000000000002,0.0009,0.00028900000000000003,0.00042025000000000005,0.00024024999999999999,6.25e-06,0.25,0.25,0.25,0.25,0.25,0.25,0.15123456790123457,0.1111111111111111,0.1111111111111111,0.1111111111111111,0.1111111111111111,0.09
1.0.0,E22213,22213,binary_set,macro,gdp,final,True,,,2025-10-30T12:00:00Z,B,,0.00042025000000000005,0.0006002500000000001,0.00027225000000000003,0.00018224999999999998,0.00015625000000000003,1.6e-05,0.25,0.25,0.25,0.25,0.25,0.25,0.08428720083246619,0.08428720083246619,0.08428720083246619,0.08428720083246619,0.08428720083246619,0.06925207756232686
1.0.0,E22214,22214,binary_set,macro,gdp,final,True,,,2026-01-30T12:00:00Z,B,,8.099999999999999e-05,0.00011025000000000001,0.00011025000000000001,1.2250000000000001e-05,1.6e-05,7.225000000000001e-05,0.25,0.25,0.25,0.25,0.25,0.25,0.0625,0.0625,0.0625,0.0625,0.04938271604938271,0.04938271604938271
1.0.0,E22216,22216,binary_set,macro,gdp,final,True,,,2025-10-30T12:00:00Z,B,,1.2250000000000001e-05,3.6e-05,0.00011025000000000001,8.099999999999999e-05,0.003969,1e-06,0.25,0.25,0.25,0.25,0.25,0.25,0.08428720083246619,0.08428720083246619,0.08428720083246619,0.08428720083246619,0.08428720083246619,0.06925207756232686
1.0.0,E22418,22418,multiclass,macro,unemployment,final,True,,,2025-05-02T12:00:00Z,B,6,,0.6000858564177672,0.619631039877787,0.6344634967148188,0.5704319073219636,0.452587745389649,,0.8333333333333334,0.8333333333333334,0.8333333333333334,0.8333333333333334,0.8333333333333334,,,,,,
1.0.0,E22426,22426,multiclass,macro,nonfarm_payrolls,final,True,,,2025-05-02T12:00:00Z,B,6,,0.7481855028749175,0.7499916390276811,0.7498467071057394,0.8211652787421716,0.7908992462944473,,0.8333333333333334,0.8333333333333334,0.8333333333333334,0.8333333333333334,0.8333333333333334,,,,,,
1.0.0,E22449,22449,binary_set,fed,rate_path,final,True,,,2025-06-18T12:00:00Z,B,,0.0121,0.0007289999999999999,0.00034224999999999994,0.0006502499999999999,0.00027225000000000003,0.000225,0.25,0.25,0.25,0.25,0.25,0.25,0.09765625,0.09765625,0.09765625,0.09765625,0.09765625,0.09765625
1.0.0,E22486,22486,binary_set,fed,leadership,final,True,,,2025-05-31T12:00:00Z,B,,0.003025,0.000225,3.0249999999999997e-05,9e-06,2.5e-05,2.25e-06,0.25,0.25,0.25,0.25,0.25,0.25,0.25,0.25,0.25,0.25,0.25,0.25
1.0.0,E22508,22508,binary_set,macro,treasury_liquidity,final,True,,,2025-04-30T12:00:00Z,B,,,0.09396568749999999,0.023962531250000002,0.0006187812500000001,0.00011340625000000001,1.584375e-05,,0.25,0.25,0.25,0.25,0.25,,0.0625,0.053254437869822494,0.04591836734693877,0.04591836734693877,0.04591836734693877
1.0.0,E22509,22509,binary_set,macro,treasury_liquidity,final,True,,,2025-05-14T14:00:07Z,B,,0.0028634062500000005,0.009129156250000001,0.013232281249999997,0.011630906250000003,0.00228109375,0.0004091562500000007,0.25,0.25,0.25,0.25,0.25,0.25,0.14669421487603307,0.16961518595041325,0.1616841723429518,0.15472372876492196,0.15472372876492196,0.15472372876492196
1.0.0,E22510,22510,multiclass,macro,treasury_liquidity,final,True,,,2025-04-11T12:00:00Z,B,8,,,,,0.8470357191117518,0.47495381664268876,,,,,0.875,0.875,,,,,,
1.0.0,E22582,22582,multiclass,macro,cpi,final,True,,,2025-05-13T12:00:00Z,B,5,0.5887871739005195,0.4504583840456599,0.5694866786910462,0.46558458816607345,0.45774659043092997,0.7553555,0.8,0.8,0.8,0.8,0.8,0.8,,,,,,
1.0.0,E22650,22650,binary_set,macro,treasury_liquidity,final,True,,,2025-04-18T12:00:00Z,B,,,,,0.09,0.00148225,6.25e-06,,,,0.25,0.25,0.25,,,,0.0625,0.0625,0.0625
1.0.0,E23081,23081,binary_set,macro,treasury_liquidity,final,True,,,2025-04-25T12:00:00Z,B,,,,,0.3844,0.0961,0.00046224999999999993,,,,0.25,0.25,0.25,,,,0.053254437869822494,0.053254437869822494,0.053254437869822494
1.0.0,E23085,23085,multiclass,fed,leadership,final,True,,,2025-12-22T16:00:13Z,B,18,,,,,,,,,,,,,,,,,,
1.0.0,E23440,23440,binary_set,macro,treasury_liquidity,final,True,,,2025-05-02T12:00:00Z,B,,,,,0.34222499999999995,0.8556250000000001,0.6241000000000001,,,,0.25,0.25,0.25,,,,0.6173469387755102,0.7458677685950413,0.7458677685950413
1.0.0,E23700,23700,multiclass,macro,gdp,final,True,,,2025-06-30T12:00:00Z,B,6,0.18388092057502828,0.08552912591704151,0.18688778140573983,0.13308918901272598,0.17828519236193344,0.1920095,0.8333333333333334,0.8333333333333334,0.8333333333333334,0.8333333333333334,0.8333333333333334,0.8333333333333334,,,,,,
1.0.0,E23798,23798,multiclass,macro,nonfarm_payrolls,final,True,,,2025-06-06T12:00:00Z,B,5,0.6194310252281268,0.7453577151475163,0.740039654721857,0.5979389216044192,0.4365305542522188,0.38029389165619465,0.8,0.8,0.8,0.8,0.8,0.8,,,,,,
1.0.0,E23803,23803,multiclass,macro,unemployment,final,True,,,2025-06-06T12:00:00Z,B,6,0.6521535309142157,0.6718996183607017,0.7033828180797878,0.5657950445026758,0.4482761423320136,0.4112928630658168,0.8333333333333334,0.8333333333333334,0.8333333333333334,0.8333333333333334,0.8333333333333334,0.8333333333333334,,,,,,
1.0.0,E23934,23934,binary_set,macro,treasury_liquidity,final,True,,,2025-05-09T10:00:06Z,B,,,,,0.055224999999999996,0.21159999999999995,0.0025000000000000044,,,,0.25,0.25,0.25,,,,0.6824196597353497,0.6824196597353497,0.6824196597353497
1.0.0,E24087,24087,multiclass,fed,fomc_decision,final,True,,,2025-09-17T18:00:00Z,A,4,0.15886090482291906,0.03632995213132501,0.057232425883970726,0.013697401398232433,0.0039019604012837518,0.010239454474875042,0.75,0.75,0.75,0.75,0.75,0.75,,,,,,
1.0.0,E24196,24196,binary_set,macro,treasury_liquidity,final,True,,,2025-05-16T12:00:00Z,B,,,,,0.1521,0.013224999999999997,0.2862249999999999,,,,0.25,0.25,0.25,,,,0.626736111111111,0.5776,0.5776
1.0.0,E24432,24432,multiclass,macro,cpi,final,True,,,2025-06-11T12:00:00Z,B,5,,0.7011176215277777,0.5911719214753123,0.6681434944662427,0.4843092333102458,0.6357721554839941,,0.8,0.8,0.8,0.8,0.8,,,,,,
1.0.0,E24433,24433,multiclass,macro,cpi,final,True,,,2025-06-11T12:00:00Z,B,5,,0.7194668518195075,0.5701355554473171,0.5056289876427188,0.34864732930209125,0.3184856776930845,,0.8,0.8,0.8,0.8,0.8,,,,,,
1.0.0,E244393,244393,binary_set,fed,leadership,final,True,,,2026-03-18T00:00:00Z,B,,,,0.235225,0.28090000000000004,0.2862249999999999,0.17640000000000003,,,0.25,0.25,0.25,0.25,,,0.7703535013715646,0.7703535013715646,0.7703535013715646,0.7703535013715646
1.0.0,E244423,244423,binary_set,fed,leadership,final,True,,,2026-03-08T09:00:38Z,B,,,,,0.16801981249999998,0.11339818749999998,0.013995187499999997,,,,0.25,0.25,0.25,,,,0.3977698109284283,0.399131062208714,0.3984066411770538
1.0.0,E24578,24578,binary_set,macro,treasury_liquidity,final,True,,,2025-05-23T12:00:00Z,B,,,,,0.3192249999999999,0.012099999999999998,0.018225,,,,0.25,0.25,0.25,,,,0.5340236686390534,0.5340236686390534,0.5340236686390534
1.0.0,E246219,246219,multiclass,fed,leadership,final,True,,,2026-04-24T15:00:04Z,B,35,,,,,,,,,,,,,,,,,,
1.0.0,E248247,248247,binary_set,fed,leadership,final,True,,,2026-05-13T22:49:42Z,B,,0.00038025,2.5e-05,2.0249999999999998e-05,2.25e-06,2.25e-06,2.5e-07,0.25,0.25,0.25,0.25,0.25,0.25,0.017170035671819267,0.019539831194357725,0.02194787379972565,0.02194787379972565,0.02467037636029714,0.02366863905325444
1.0.0,E24902,24902,binary_set,crypto_regulation,government_policy,final,True,,,2025-06-21T21:00:08Z,B,,0.002704000000000005,0.00416025,0.00455625,0.018360249999999988,0.014641,0.0144,0.25,0.25,0.25,0.25,0.25,0.25,0.5625,0.5625,0.5625,0.5625,0.5625,0.5625
1.0.0,E250553,250553,multiclass,macro,nonfarm_payrolls,final,True,,,2026-04-03T00:00:00Z,B,7,,0.9205925809490735,0.8450651631784931,0.53668445543312,0.6452945642362253,0.46596450207248363,,0.8571428571428572,0.8571428571428572,0.8571428571428572,0.8571428571428572,0.8571428571428572,,,,,,
1.0.0,E25588,25588,binary_set,macro,treasury_liquidity,final,True,,,2025-06-06T00:00:00Z,B,,,,,0.4760999999999999,0.9672722500000001,0.976144,,,,0.25,0.25,0.25,,,,0.49519890260631005,0.49519890260631005,0.49519890260631005
1.0.0,E261155,261155,binary_set,macro,cpi,final,True,,,2026-04-10T00:00:00Z,B,,,0.10199712500000001,0.09185266666666668,0.11130291666666665,0.08913445833333333,0.07702454166666665,,0.25,0.25,0.25,0.25,0.25,,0.15591995965349473,0.15591995965349473,0.15591995965349473,0.15591995965349473,0.15591995965349473
1.0.0,E261184,261184,multiclass,macro,cpi,final,True,,,2026-04-10T00:00:00Z,B,6,,0.03481250931908321,0.013760768179172045,0.0027042266662204474,0.005671472820723982,0.003191438035905477,,0.8333333333333334,0.8333333333333334,0.8333333333333334,0.8333333333333334,0.8333333333333334,,,,,,
1.0.0,E26234,26234,binary_set,macro,treasury_liquidity,final,True,,,2025-06-13T00:00:00Z,B,,,,,0.245025,0.0256,0.0006250000000000001,,,,0.25,0.25,0.25,,,,0.10331632653061226,0.10331632653061226,0.10331632653061226
1.0.0,E26236,26236,multiclass,macro,nonfarm_payrolls,final,True,,,2025-07-03T00:00:00Z,B,5,,0.31081811130482717,0.16815349253708303,0.22958320781925975,0.1751431781704573,0.2597556679929822,,0.8,0.8,0.8,0.8,0.8,,,,,,
1.0.0,E26238,26238,multiclass,macro,unemployment,final,True,,,2025-07-03T00:00:00Z,B,6,,1.2180604904818164,1.2430758617936024,1.295814394522471,1.2637331546806154,1.2607801701570522,,0.8333333333333334,0.8333333333333334,0.8333333333333334,0.8333333333333334,0.8333333333333334,,,,,,
1.0.0,E26717,26717,multiclass,macro,cpi,final,True,,,2025-07-15T12:30:00Z,B,5,0.6998750480584389,0.7476079413335689,0.8178840346270551,0.6557388212425067,0.7051216740467886,0.8399420294697452,0.8,0.8,0.8,0.8,0.8,0.8,,,,,,
1.0.0,E26718,26718,multiclass,macro,cpi,final,True,,,2025-07-15T12:30:00Z,B,5,0.12143550557477896,0.13129467250382804,0.1379510859351929,0.13249669195831806,0.1432436149516396,0.2490881537396457,0.8,0.8,0.8,0.8,0.8,0.8,,,,,,
1.0.0,E27133,27133,binary_set,macro,treasury_liquidity,final,True,,,2025-06-20T00:00:00Z,B,,,,,0.0625,0.007225000000000001,0.001521,,,,0.25,0.25,0.25,,,,0.09631391200951249,0.09631391200951249,0.09631391200951249
1.0.0,E27541,27541,binary_set,crypto_regulation,clarity_act,final,True,,,2025-12-31T00:00:00Z,B,,0.00378225,0.00042025000000000005,0.00024024999999999999,1.2250000000000001e-05,1.2250000000000001e-05,2.0249999999999998e-05,0.25,0.25,0.25,0.25,0.25,0.25,0.25,0.25,0.25,0.25,0.25,0.25
1.0.0,E27592,27592,binary_set,crypto_regulation,stablecoin,final,True,,,2025-07-17T03:00:08Z,B,,,0.012099999999999998,0.009024999999999995,0.007224999999999994,0.0025000000000000044,0.004488999999999993,,0.25,0.25,0.25,0.25,0.25,,0.25,0.25,0.25,0.25,0.25
1.0.0,E27824,27824,multiclass,fed,fomc_decision,final,True,,,2025-10-29T18:00:00Z,A,4,0.06327049999999998,0.004726808937866301,0.003006492755621186,0.00042892882158938444,0.0007557440669969854,0.00033167198537057606,0.75,0.75,0.75,0.75,0.75,0.75,,,,,,
1.0.0,E27890,27890,binary_set,macro,treasury_liquidity,final,True,,,2025-06-27T00:00:00Z,B,,,,,0.0016810000000000002,7.225000000000001e-05,1.6e-05,,,,0.25,0.25,0.25,,,,0.09,0.09,0.09
1.0.0,E287395,287395,multiclass,fed,fomc_decision,final,True,,,2026-07-29T18:00:00Z,A,5,0.07112106011211289,0.004327653412359184,0.10175544177242835,0.059946431540124016,0.08257814244430373,0.12589080102533137,0.8,0.8,0.8,0.8,0.8,0.8,,,,,,
1.0.0,E287482,287482,multiclass,fed,rate_path,final,True,,,2026-04-29T00:00:00Z,B,5,0.5977223761157279,0.21652038469837395,0.11406484785875286,0.03866870233740469,0.025042574158998285,0.042956117062400594,0.8,0.8,0.8,0.8,0.8,0.8,,,,,,
1.0.0,E29384,29384,binary_set,macro,treasury_liquidity,final,True,,,2025-07-04T00:00:00Z,B,,,,,0.01428025,1.2250000000000001e-05,3.0249999999999997e-05,,,,0.25,0.25,0.25,,,,0.0791015625,0.0791015625,0.0791015625
1.0.0,E301499,301499,multiclass,fed,rate_path,final,True,,,2026-04-29T21:46:34Z,B,9,0.14817776638614777,0.08540700346020762,0.09397695256492954,0.15681297136640326,0.164812727226012,0.15430546961279318,0.8888888888888888,0.8888888888888888,0.8888888888888888,0.8888888888888888,0.8888888888888888,0.8888888888888888,,,,,,
1.0.0,E30614,30614,binary_set,macro,nonfarm_payrolls,final,True,,,2025-07-03T00:00:00Z,B,,,,,,,0.016900000000000002,,,,,,0.25,,,,,,0.03666817564508827
1.0.0,E307655,307655,binary_set,fed,leadership,final,True,,,2026-04-24T15:00:04Z,B,,,0.3801625,0.402425,0.3899125,0.386825,0.04429450000000001,,0.25,0.25,0.25,0.25,0.25,,0.7551010701545778,0.7551010701545778,0.7551010701545778,0.7551010701545778,0.7639772951304226
1.0.0,E30832,30832,multiclass,macro,unemployment,final,True,,,2025-08-01T00:00:00Z,B,6,,0.4472280002091884,0.4876950963119475,0.49097561691695657,0.5587022037378853,0.47020649825409977,,0.8333333333333334,0.8333333333333334,0.8333333333333334,0.8333333333333334,0.8333333333333334,,,,,,
1.0.0,E30833,30833,binary_set,macro,nonfarm_payrolls,final,True,,,2025-08-01T06:00:00Z,B,,,0.0036,0.0036,0.002025,0.0009,0.0012250000000000002,,0.25,0.25,0.25,0.25,0.25,,0.0355998576005696,0.0355998576005696,0.0355998576005696,0.0355998576005696,0.0355998576005696
1.0.0,E30834,30834,multiclass,macro,nonfarm_payrolls,final,True,,,2025-08-01T06:00:00Z,B,5,,0.8653397761634956,0.9141403533338002,1.0662995329580747,1.111816820012771,1.1700636241593059,,0.8,0.8,0.8,0.8,0.8,,,,,,
1.0.0,E31096,31096,binary_set,macro,treasury_liquidity,final,True,,,2025-07-11T00:00:00Z,B,,,,,0.07840000000000001,0.08702500000000002,0.005040999999999993,,,,0.25,0.25,0.25,,,,0.5289256198347108,0.5289256198347108,0.5289256198347108
1.0.0,E32213,32213,binary_set,macro,treasury_liquidity,final,True,,,2025-07-18T00:00:00Z,B,,,,,0.19802499999999995,0.024025000000000008,0.007224999999999994,,,,0.25,0.25,0.25,,,,0.49826989619377154,0.49826989619377154,0.49826989619377154
1.0.0,E32575,32575,multiclass,macro,cpi,final,True,,,2025-08-12T15:36:33Z,B,6,,0.4816504192231715,0.41443264847673117,0.40775071132015905,0.4635250726204012,7.470089760598061e-06,,0.8333333333333334,0.8333333333333334,0.8333333333333334,0.8333333333333334,0.8333333333333334,,,,,,
1.0.0,E32581,32581,multiclass,macro,cpi,final,True,,,2025-08-12T00:00:00Z,B,5,,0.6364693943219227,0.6814419635508784,0.5790844198029276,0.6423488989321602,0.7904755322644446,,0.8,0.8,0.8,0.8,0.8,,,,,,
1.0.0,E32584,32584,binary_set,fed,rate_path,final,True,,,2025-07-30T00:00:00Z,B,,,0.017668750000000007,0.008341812499999997,0.0026625,0.0031978749999999993,0.002306500000000004,,0.25,0.25,0.25,0.25,0.25,,0.4313616472943007,0.4313616472943007,0.4103831973888187,0.4103831973888187,0.39923877526111445
1.0.0,E32585,32585,binary_set,fed,leadership,final,True,,,2025-08-31T00:00:00Z,B,,0.005625,0.00032399999999999996,0.00013225,8.099999999999999e-05,4.225e-05,9e-06,0.25,0.25,0.25,0.25,0.25,0.25,0.08650519031141869,0.08650519031141869,0.08650519031141869,0.08650519031141869,0.08650519031141869,0.08650519031141869
1.0.0,E32766,32766,binary_set,fed,leadership,final,True,,,2025-07-31T22:00:00Z,B,,,0.00075625,0.00019600000000000002,4.9000000000000005e-05,1.6e-05,2.5e-07,,0.25,0.25,0.25,0.25,0.25,,0.053254437869822494,0.1111111111111111,0.1111111111111111,0.1111111111111111,0.09765625
1.0.0,E32767,32767,binary_set,fed,leadership,final,True,,,2025-08-31T23:00:00Z,B,,0.0012959999999999998,2.5e-05,1.2250000000000001e-05,2.25e-06,2.5e-07,2.5e-07,0.25,0.25,0.25,0.25,0.25,0.25,0.08650519031141869,0.08650519031141869,0.08650519031141869,0.08650519031141869,0.08650519031141869,0.06925207756232686
1.0.0,E32768,32768,binary_set,fed,leadership,final,True,,,2025-07-31T00:00:00Z,B,,,0.0025000000000000005,0.0008702499999999999,6.4e-05,8.099999999999999e-05,3.6e-05,,0.25,0.25,0.25,0.25,0.25,,0.053254437869822494,0.053254437869822494,0.1111111111111111,0.1111111111111111,0.1111111111111111
1.0.0,E32769,32769,binary_set,fed,leadership,final,True,,,2025-12-31T23:00:00Z,B,,0.00148225,5.625e-05,4.225e-05,1.2250000000000001e-05,6.25e-06,4e-06,0.25,0.25,0.25,0.25,0.25,0.25,0.02972651605231867,0.027777777777777776,0.02040816326530612,0.02040816326530612,0.02040816326530612,0.017443930224279102
1.0.0,E32781,32781,binary_set,fed,leadership,final,True,,,2025-07-24T21:00:08Z,B,,,,0.9025,0.8648999999999999,0.9025,0.015625,,,0.25,0.25,0.25,0.25,,,0.5917159763313609,0.5917159763313609,0.5917159763313609,0.5917159763313609
1.0.0,E329566,329566,binary_set,fed,rate_path,final,True,,,2026-04-29T21:45:46Z,B,,,0.06287229999999999,0.07478135,0.019641650000000004,0.0147267,0.0049301499999999995,,0.25,0.25,0.25,0.25,0.25,,0.290526453097783,0.290526453097783,0.290526453097783,0.290526453097783,0.2899115492916249
1.0.0,E33230,33230,binary_set,macro,treasury_liquidity,final,True,,,2025-07-25T00:00:00Z,B,,,,,0.2916,0.1444,0.17639999999999997,,,,0.25,0.25,0.25,,,,0.09877551020408162,0.09877551020408162,0.09877551020408162
1.0.0,E33477,33477,binary_set,fed,leadership,final,True,,,2025-08-31T00:00:00Z,B,,0.000169,0.000144,2.5e-05,1.6e-05,6.25e-06,6.25e-06,0.25,0.25,0.25,0.25,0.25,0.25,0.08650519031141869,0.08650519031141869,0.08650519031141869,0.08650519031141869,0.08650519031141869,0.08650519031141869
1.0.0,E33523,33523,binary_set,fed,leadership,final,True,,,2025-12-31T00:00:00Z,B,,0.00032399999999999996,2.0249999999999998e-05,1.2250000000000001e-05,2.25e-06,1.6e-05,2.25e-06,0.25,0.25,0.25,0.25,0.25,0.25,0.02972651605231867,0.027777777777777776,0.02040816326530612,0.02040816326530612,0.02040816326530612,0.02040816326530612
1.0.0,E33524,33524,binary_set,fed,leadership,final,True,,,2025-12-31T00:00:00Z,B,,0.00032399999999999996,6.25e-06,6.25e-06,6.25e-06,4e-06,6.25e-06,0.25,0.25,0.25,0.25,0.25,0.25,0.02972651605231867,0.027777777777777776,0.02040816326530612,0.02040816326530612,0.02040816326530612,0.02040816326530612
1.0.0,E33813,33813,binary_set,fed,leadership,final,True,,,2025-07-24T21:00:08Z,B,,,,,,,0.009024999999999995,,,,,,0.25,,,,,,0.5917159763313609
1.0.0,E339954,339954,multiclass,macro,unemployment,final,True,,,2026-05-08T00:00:00Z,B,9,0.8040598261206618,0.5444830843993563,0.6087684921397288,0.5853709856765511,0.5479517100390051,0.5563325494551362,0.8888888888888888,0.8888888888888888,0.8888888888888888,0.8888888888888888,0.8888888888888888,0.8888888888888888,,,,,,
1.0.0,E340104,340104,multiclass,macro,nonfarm_payrolls,final,True,,,2026-05-08T00:00:00Z,B,8,0.8903234763293072,0.758497159466244,0.7879336936425728,0.750951657860798,0.5941278727433864,0.7565231026886912,0.875,0.875,0.875,0.875,0.875,0.875,,,,,,
1.0.0,E34344,34344,binary_set,macro,treasury_liquidity,final,True,,,2025-08-01T00:00:00Z,B,,,,,0.30802500000000005,0.1024,0.0121,,,,0.25,0.25,0.25,,,,0.09336419753086421,0.09336419753086421,0.09336419753086421
1.0.0,E34561,34561,multiclass,macro,gdp,final,True,,,2025-07-30T00:00:00Z,B,6,,,,,0.8823260719713643,1.0876189461345835,,,,,0.8333333333333334,0.8333333333333334,,,,,,
1.0.0,E34575,34575,multiclass,macro,nonfarm_payrolls,final,True,,,2025-09-05T00:00:00Z,B,5,0.8987514873816754,0.6429136306286184,0.678755993086965,0.8553799752451948,0.8214584842190269,0.7470503906145133,0.8,0.8,0.8,0.8,0.8,0.8,,,,,,
1.0.0,E34577,34577,binary_set,macro,nonfarm_payrolls,final,True,,,2025-09-05T00:00:00Z,B,,0.00455625,0.0046240000000000005,0.005112249999999999,0.003721,0.00319225,0.0033640000000000002,0.25,0.25,0.25,0.25,0.25,0.25,0.03476012640045964,0.03476012640045964,0.03476012640045964,0.03476012640045964,0.03476012640045964,0.03476012640045964
1.0.0,E34716,34716,multiclass,fed,rate_path,final,True,,,2025-07-30T16:00:00Z,B,5,,,,,,0.29175145705564737,,,,,,0.8,,,,,,
1.0.0,E35090,35090,multiclass,fed,fomc_decision,final,True,,,2025-12-10T19:00:00Z,A,4,0.15919241361248238,0.0533467404021716,0.007183860537213891,0.009637009489921713,0.0018828472219279677,0.0012879228663444375,0.75,0.75,0.75,0.75,0.75,0.75,,,,,,
1.0.0,E35440,35440,multiclass,macro,gdp,final,True,,,2025-10-30T00:00:00Z,B,7,0.4532572532475213,0.6165335000000001,0.5794307249333026,0.5896932954484795,0.47722992282784327,0.39684521045884386,0.8571428571428572,0.8571428571428572,0.8571428571428572,0.8571428571428572,0.8571428571428572,0.8571428571428572,,,,,,
1.0.0,E35469,35469,binary_set,macro,treasury_liquidity,final,True,,,2025-08-08T00:00:00Z,B,,,,,0.0009,6.4e-05,0.000169,,,,0.25,0.25,0.25,,,,0.08838568298027759,0.08838568298027759,0.08838568298027759
1.0.0,E35908,35908,binary_set,fed,leadership,final,True,,,2026-03-04T18:00:45Z,B,,,,,,,,,,,,,,,,,,,
1.0.0,E364599,364599,multiclass,macro,cpi,final,True,,,2026-05-12T00:00:00Z,B,11,0.6288252129587292,0.8569021550047586,0.6904642752858202,0.6486796507187396,0.612772204641156,0.6309710625638121,0.9090909090909091,0.9090909090909091,0.9090909090909091,0.9090909090909091,0.9090909090909091,0.9090909090909091,,,,,,
1.0.0,E364618,364618,multiclass,macro,cpi,final,True,,,2026-05-12T00:00:00Z,B,9,0.8978152025489304,0.7000822844511739,0.5535856184331109,0.5511388905372704,0.5431233588325426,0.6203388710017474,0.8888888888888888,0.8888888888888888,0.8888888888888888,0.8888888888888888,0.8888888888888888,0.8888888888888888,,,,,,
1.0.0,E36926,36926,binary_set,fed,leadership,final,True,,,2025-10-31T00:00:00Z,B,,0.0081,0.0006002500000000001,0.00011025000000000001,9.025e-05,2.5e-05,9e-06,0.25,0.25,0.25,0.25,0.25,0.25,0.03698224852071006,0.03698224852071006,0.03698224852071006,0.03698224852071006,0.03698224852071006,0.03698224852071006
1.0.0,E36942,36942,binary_set,macro,treasury_liquidity,final,True,,,2025-08-15T00:00:00Z,B,,,,,0.42250000000000004,0.6241000000000001,0.7744,,,,0.25,0.25,0.25,,,,0.5048476454293629,0.5048476454293629,0.5048476454293629
1.0.0,E37170,37170,multiclass,macro,cpi,final,True,,,2025-09-11T00:00:00Z,B,5,,0.5009678035084264,0.5138686592068036,0.4636294464853406,0.4031810240145301,0.5536156033071183,,0.8,0.8,0.8,0.8,0.8,,,,,,
1.0.0,E37171,37171,multiclass,macro,cpi,final,True,,,2025-09-11T00:00:00Z,B,5,,0.5885258066682327,0.5649962425231934,0.6976098952197904,0.7175444213029831,0.76000658436214,,0.8,0.8,0.8,0.8,0.8,,,,,,
1.0.0,E37181,37181,binary_set,fed,leadership,final,True,,,2025-09-30T00:00:00Z,B,,0.0064,0.00390625,9.025e-05,2.5e-05,2.5e-05,6.25e-06,0.25,0.25,0.25,0.25,0.25,0.25,0.08650519031141869,0.0625,0.0625,0.0625,0.0625,0.0625
1.0.0,E37198,37198,multiclass,macro,unemployment,final,True,,,2025-09-05T00:00:00Z,B,6,,0.44888895448416416,0.43402987873468996,0.5020814353787947,0.33393408321557777,0.36486945263233045,,0.8333333333333334,0.8333333333333334,0.8333333333333334,0.8333333333333334,0.8333333333333334,,,,,,
1.0.0,E37537,37537,binary_set,fed,rate_path,final,True,,,2025-09-17T00:00:00Z,B,,0.15341500000000002,0.15443,0.15782945,0.11260845000000001,0.086555,0.12618645,0.25,0.25,0.25,0.25,0.25,0.25,0.1637051039697542,0.1637051039697542,0.18136094674556213,0.18136094674556213,0.18136094674556213,0.18136094674556213
1.0.0,E37980,37980,binary_set,macro,treasury_liquidity,final,True,,,2025-08-22T00:00:00Z,B,,,,,0.34222499999999995,0.140625,0.32489999999999997,,,,0.25,0.25,0.25,,,,0.09467455621301776,0.09467455621301776,0.09467455621301776
1.0.0,E38001,38001,multiclass,macro,gdp,final,True,,,2026-01-29T00:00:00Z,B,6,0.04507045324412468,0.059241778946876135,0.032642601914723485,0.06858056341827741,0.052727759766576864,0.06339387938847135,0.8333333333333334,0.8333333333333334,0.8333333333333334,0.8333333333333334,0.8333333333333334,0.8333333333333334,,,,,,
1.0.0,E382476,382476,binary_set,fed,leadership,final,True,,,2026-05-16T07:34:04Z,B,,,0.00024024999999999999,5.625e-05,3.6e-05,1.6e-05,2.5e-07,,0.25,0.25,0.25,0.25,0.25,,0.020625848800362157,0.02194787379972565,0.02467037636029714,0.02204382067466296,0.024078478002378122
1.0.0,E382537,382537,multiclass,fed,leadership,final,True,,,2026-05-15T06:14:09Z,B,9,,0.0030889999999999993,0.001513622603430883,0.004913282511973249,0.0012575250701804396,0.0012993812561035156,,0.8888888888888888,0.8888888888888888,0.8888888888888888,0.8888888888888888,0.8888888888888888,,,,,,
1.0.0,E383037,383037,binary_set,fed,leadership,final,True,,,2026-04-24T15:00:04Z,B,,,,0.1444,0.1444,0.08122500000000002,0.05289999999999999,,,0.25,0.25,0.25,0.25,,,0.7551010701545778,0.7551010701545778,0.7551010701545778,0.7551010701545778
1.0.0,E385762,385762,binary_set,fed,leadership,final,True,,,2026-05-16T04:00:10Z,B,,,0.29693587499999996,0.213686125,0.19328749999999997,0.0064019375000000005,0.00202875,,0.25,0.25,0.25,0.25,0.25,,0.3750755706434262,0.3718951415250276,0.3704139742653027,0.3712018882365968,0.37073626132689075
1.0.0,E385797,385797,binary_set,fed,leadership,final,True,,,2026-07-01T03:59:00Z,B,,0.053118625,0.0041710625,0.00367525,0.00022668749999999997,5.375e-06,4.9124999999999995e-05,0.25,0.25,0.25,0.25,0.25,0.25,0.023820324362330444,0.023771725537192846,0.023771725537192846,0.023771725537192846,0.023720629589295668,0.023720629589295668
1.0.0,E39297,39297,binary_set,macro,treasury_liquidity,final,True,,,2025-08-29T00:00:00Z,B,,,,,0.21622500000000003,0.17639999999999997,0.065025,,,,0.25,0.25,0.25,,,,0.09,0.09,0.09
1.0.0,E39606,39606,binary_set,fed,leadership,final,True,,,2025-09-30T00:00:00Z,B,,0.00099225,0.00024024999999999999,1.2250000000000001e-05,6.25e-06,2.25e-06,2.5e-07,0.25,0.25,0.25,0.25,0.25,0.25,0.08650519031141869,0.0625,0.0625,0.0625,0.0625,0.0625
1.0.0,E39671,39671,binary_set,fed,leadership,final,True,,,2025-09-30T00:00:00Z,B,,,,,,,0.02018345,,,,,,0.25,,,,,,0.04795918367346939
1.0.0,E39672,39672,binary_set,fed,leadership,final,True,,,2025-09-30T00:00:00Z,B,,0.002025,0.0007840000000000001,9e-06,1.6e-05,5.625e-05,2.5e-05,0.25,0.25,0.25,0.25,0.25,0.25,0.08650519031141869,0.0625,0.0625,0.0625,0.0625,0.0625
1.0.0,E39676,39676,binary_set,fed,leadership,final,True,,,2025-10-31T00:00:00Z,B,,0.002025,0.00030625000000000004,0.000169,0.00018224999999999998,1.2250000000000001e-05,9e-06,0.25,0.25,0.25,0.25,0.25,0.25,0.03698224852071006,0.03698224852071006,0.03698224852071006,0.03698224852071006,0.03698224852071006,0.03698224852071006
1.0.0,E40675,40675,binary_set,macro,treasury_liquidity,final,True,,,2025-09-05T00:00:00Z,B,,,,,0.0361,0.024025,0.0064,,,,0.25,0.25,0.25,,,,0.0856632956573468,0.0856632956573468,0.0856632956573468
1.0.0,E41647,41647,multiclass,fed,rate_path,final,True,,,2025-09-17T21:39:38Z,B,7,,,,,,,,,,,,,,,,,,
1.0.0,E42244,42244,multiclass,macro,unemployment,final,True,,,2025-10-03T00:00:00Z,B,6,,0.5459961753208644,0.5661734933295854,0.40538762203008605,0.32488370882649825,0.259775579022176,,0.8333333333333334,0.8333333333333334,0.8333333333333334,0.8333333333333334,0.8333333333333334,,,,,,
1.0.0,E42245,42245,multiclass,macro,nonfarm_payrolls,final,True,,,2025-10-03T00:00:00Z,B,7,,0.6347766445532892,0.6141060437519715,0.791242179774417,0.41364351501917646,0.4550884359869799,,0.8571428571428572,0.8571428571428572,0.8571428571428572,0.8571428571428572,0.8571428571428572,,,,,,
1.0.0,E42253,42253,binary_set,macro,treasury_liquidity,final,True,,,2025-09-12T00:00:00Z,B,,,,,0.0007289999999999999,0.00013225,0.00024024999999999999,,,,0.25,0.25,0.25,,,,0.08163265306122448,0.08163265306122448,0.08163265306122448
1.0.0,E432088,432088,multiclass,fed,rate_path,final,True,,,2026-06-17T00:00:00Z,B,5,0.11355860824972795,0.1083328621962526,0.08633938698031925,0.14272778287929808,0.1299583881446482,0.10624812130247553,0.8,0.8,0.8,0.8,0.8,0.8,,,,,,
1.0.0,E432111,432111,multiclass,fed,rate_path,final,True,,,2026-06-17T20:05:16Z,B,9,1.2851124430845686,1.2570653061224488,1.0760334760417072,1.1626902644332122,1.512751473064233,1.2809540009144946,0.8888888888888888,0.8888888888888888,0.8888888888888888,0.8888888888888888,0.8888888888888888,0.8888888888888888,,,,,,
1.0.0,E43393,43393,multiclass,macro,cpi,final,True,,,2025-10-15T00:00:00Z,B,5,0.7387745686967135,0.8729810730698288,0.8444219977553309,0.7998175518411902,0.7620384340676564,0.7773899486119508,0.8,0.8,0.8,0.8,0.8,0.8,,,,,,
1.0.0,E43395,43395,multiclass,macro,cpi,final,True,,,2025-10-15T00:00:00Z,B,5,0.6863297006910141,0.5891575375519154,0.5207826716637509,0.5405921936035156,0.5997264771978404,0.6167969153864118,0.8,0.8,0.8,0.8,0.8,0.8,,,,,,
1.0.0,E434741,434741,multiclass,macro,gdp,final,True,,,2026-07-30T00:00:00Z,B,7,0.8116337004833087,0.7681245703108243,0.7146427797317614,0.6037339432837271,0.4642911746627914,0.4455857990252378,0.8571428571428572,0.8571428571428572,0.8571428571428572,0.8571428571428572,0.8571428571428572,0.8571428571428572,,,,,,
1.0.0,E446190,446190,binary_set,fed,leadership,final,True,,,2026-05-19T18:52:18Z,B,,,0.00042325,2.1125000000000002e-05,1.2124999999999998e-05,1.1249999999999999e-05,8.125e-06,,0.25,0.25,0.25,0.25,0.25,,0.023160374258548222,0.02452162553883397,0.024122557014600962,0.0245811861137782,0.0245811861137782
1.0.0,E45883,45883,multiclass,fed,fomc_decision,final,True,,,2026-01-28T19:00:00Z,A,4,0.03503626147867625,0.004827326119287762,0.0005489999999999986,0.00014870244640474535,5.0999999999999444e-05,3.286839494663325e-05,0.75,0.75,0.75,0.75,0.75,0.75,,,,,,
1.0.0,E45886,45886,multiclass,fed,rate_path,final,True,,,2025-10-29T00:00:00Z,B,5,0.9702682365303882,1.0044499862806469,1.1350460945629555,1.1725303987180695,1.1480595555144364,1.192692459392592,0.8,0.8,0.8,0.8,0.8,0.8,,,,,,
1.0.0,E45887,45887,binary_set,fed,rate_path,final,True,,,2025-09-30T19:00:02Z,B,,,,0.004212499999999998,0.0047125,0.002737625000000002,0.0025761250000000016,,,0.25,0.25,0.25,0.25,,,0.5431167988594638,0.5431167988594638,0.5431167988594638,0.5431167988594638
1.0.0,E462423,462423,multiclass,macro,unemployment,final,True,,,2026-06-05T00:00:00Z,B,9,,0.573258748401719,0.5303897894405459,0.5118896511706745,0.5363111056773505,0.5364559990747301,,0.8888888888888888,0.8888888888888888,0.8888888888888888,0.8888888888888888,0.8888888888888888,,,,,,
1.0.0,E462457,462457,multiclass,macro,nonfarm_payrolls,final,True,,,2026-06-05T00:00:00Z,B,6,,0.714144383515179,0.935388988036222,0.9327507663127234,0.9687740272998808,1.0419635510582799,,0.8333333333333334,0.8333333333333334,0.8333333333333334,0.8333333333333334,0.8333333333333334,,,,,,
1.0.0,E477898,477898,multiclass,macro,cpi,final,True,,,2026-06-10T08:00:00Z,B,9,,0.47684185483878705,0.3276240473041068,0.26269154630702,0.17085971963532984,0.17009150317526936,,0.8888888888888888,0.8888888888888888,0.8888888888888888,0.8888888888888888,0.8888888888888888,,,,,,
1.0.0,E477999,477999,multiclass,macro,cpi,final,True,,,2026-06-10T08:00:00Z,B,12,,0.7339130518957088,0.5002253161499577,0.4629381195485451,0.4493988637864975,0.430287108059229,,0.9166666666666666,0.9166666666666666,0.9166666666666666,0.9166666666666666,0.9166666666666666,,,,,,
1.0.0,E481717,481717,multiclass,fed,fomc_decision,final,True,,,2026-09-16T18:00:00Z,A,5,1.1257246806450285,0.3703847694007694,0.4057148636254949,0.08668995341100531,0.029232237514920836,0.02902097177298407,0.8,0.8,0.8,0.8,0.8,0.8,,,,,,
1.0.0,E48802,48802,binary_set,macro,recession,pending,True,,,,,,,,,,,,,,,,,,,,,,,
1.0.0,E49964,49964,binary_set,fed,leadership,final,True,,,2025-12-10T21:13:00Z,B,,0.0256,0.0027562499999999996,0.002025,0.0019359999999999998,0.0018922499999999998,2.5e-07,0.25,0.25,0.25,0.25,0.25,0.25,0.03188775510204082,0.03188775510204082,0.02972651605231867,0.02972651605231867,0.02972651605231867,0.02972651605231867
1.0.0,E51456,51456,multiclass,fed,rate_path,pending,True,,,,,,,,,,,,,,,,,,,,,,,
1.0.0,E52059,52059,multiclass,fed,rate_path,final,True,,,2025-10-29T21:18:05Z,B,7,,0.3522175267326139,0.4742256574606466,0.5577931835630596,0.5387152321181566,0.47530450681276853,,0.8571428571428572,0.8571428571428572,0.8571428571428572,0.8571428571428572,0.8571428571428572,,,,,,
1.0.0,E524530,524530,multiclass,macro,core_cpi,final,True,,,2026-06-10T06:00:00Z,B,10,,0.9300129889226547,0.6284491312497458,0.8454834434778029,0.7752840906641699,0.7419941329881549,,0.9,0.9,0.9,0.9,0.9,,,,,,
1.0.0,E524568,524568,multiclass,macro,core_cpi,final,True,,,2026-06-10T06:30:00Z,B,10,,,0.5803097332293925,0.7843393921647889,0.3152969249020023,0.2843935908247596,,,0.9,0.9,0.9,0.9,,,,,,
1.0.0,E53165,53165,binary_set,macro,nonfarm_payrolls,final,True,,,2025-10-03T00:00:00Z,B,,,,,,,0.0012250000000000002,,,,,,0.25,,,,,,0.034082840236686396
1.0.0,E53730,53730,binary_set,macro,nonfarm_payrolls,final,True,,,2025-11-13T13:48:52Z,B,,0.003025,0.007225000000000001,0.0016,9.025e-05,5.625e-05,2.5e-07,0.25,0.25,0.25,0.25,0.25,0.25,0.03171326702946144,0.03171326702946144,0.03171326702946144,0.03171326702946144,0.03171326702946144,0.03171326702946144
1.0.0,E5527,5527,binary_set,macro,cpi,final,True,,,2022-02-23T00:00:00Z,B,,,,,,,,,,,,,,,,,,,
1.0.0,E562383,562383,multiclass,macro,unemployment,final,True,,,2026-07-02T08:30:00Z,B,9,,0.8055329655491686,0.9193644888041064,0.9138427057628103,0.9391237577692781,1.0316478757154526,,0.8888888888888888,0.8888888888888888,0.8888888888888888,0.8888888888888888,0.8888888888888888,,,,,,
1.0.0,E563235,563235,multiclass,macro,nonfarm_payrolls,final,True,,,2026-07-02T14:33:19Z,B,6,,0.7839266767138842,0.6175441983471075,0.7829481920769968,0.962378351445016,7.470089760598061e-06,,0.8333333333333334,0.8333333333333334,0.8333333333333334,0.8333333333333334,0.8333333333333334,,,,,,
1.0.0,E580294,580294,multiclass,macro,cpi,final,True,,,2026-07-14T14:33:37Z,B,12,1.253353107535657,1.236493305389892,1.3414853483691074,1.2700490014792898,1.3196458898987256,3.267245860251066e-05,0.9166666666666666,0.9166666666666666,0.9166666666666666,0.9166666666666666,0.9166666666666666,0.9166666666666666,,,,,,
1.0.0,E580295,580295,multiclass,macro,cpi,final,True,,,2026-07-14T14:33:37Z,B,9,0.05707558116909889,0.002258002943186649,0.0009749605524223154,0.00047442219914749565,0.000574425430962676,1.787465842644903e-05,0.8888888888888888,0.8888888888888888,0.8888888888888888,0.8888888888888888,0.8888888888888888,0.8888888888888888,,,,,,
1.0.0,E580298,580298,multiclass,macro,core_cpi,final,True,,,2026-07-14T14:34:35Z,B,10,0.963060994866331,1.157872301841708,1.1680880936958387,1.3715703270418322,1.3904368888766725,2.2321074268662365e-05,0.9,0.9,0.9,0.9,0.9,0.9,,,,,,
1.0.0,E5843,5843,binary_set,macro,unemployment,final,True,,,2022-02-04T00:00:00Z,B,,,,,,,,,,,,,,,,,,,
1.0.0,E5852,5852,binary_set,macro,recession,final,True,,,2022-01-27T00:00:00Z,B,,,,,,,,,,,,,,,,,,,
1.0.0,E602230,602230,multiclass,fed,rate_path,final,True,,,2026-07-29T15:59:00Z,B,5,1.098072496813887,1.0996723455578237,0.9409234377521526,0.9440729187633202,1.0178710550782528,0.964220119825488,0.8,0.8,0.8,0.8,0.8,0.8,,,,,,
1.0.0,E606422,606422,multiclass,fed,fomc_decision,pending,True,,,,,,,,,,,,,,,,,,,,,,,
1.0.0,E606437,606437,multiclass,fed,rate_path,final,True,,,2026-07-29T21:55:47Z,B,9,0.5342588642769335,0.5468990718650872,0.26580470581186705,0.23591520136585079,0.12821753981462325,0.26121329081353917,0.8888888888888888,0.8888888888888888,0.8888888888888888,0.8888888888888888,0.8888888888888888,0.8888888888888888,,,,,,
1.0.0,E626860,626860,multiclass,fed,rate_path,pending,True,,,,,,,,,,,,,,,,,,,,,,,
1.0.0,E63140,63140,binary_set,crypto_regulation,clarity_act,final,True,,,2025-12-31T00:00:00Z,B,,0.002775,0.0011960833333333333,0.0036241666666666666,0.0017269166666666667,0.00211575,0.00013516666666666668,0.25,0.25,0.25,0.25,0.25,0.25,0.3541666666666667,0.3541666666666667,0.3541666666666667,0.3541666666666667,0.3541666666666667,0.3541666666666667
1.0.0,E660461,660461,multiclass,macro,unemployment,final,True,,,2026-08-07T08:30:00Z,B,9,0.8313943340239357,1.0033230994864513,1.042344760477095,0.7646413767405715,0.861354768846314,0.6936970718455291,0.8888888888888888,0.8888888888888888,0.8888888888888888,0.8888888888888888,0.8888888888888888,0.8888888888888888,,,,,,
1.0.0,E660463,660463,multiclass,macro,nonfarm_payrolls,final,True,,,2026-08-07T03:59:00Z,B,6,0.845150459638035,1.1086405782370086,1.1179520424175449,1.15882769521779,1.055635222096985,1.2357083299238352,0.8333333333333334,0.8333333333333334,0.8333333333333334,0.8333333333333334,0.8333333333333334,0.8333333333333334,,,,,,
1.0.0,E670689,670689,multiclass,macro,core_cpi,final,True,,,2026-08-12T03:59:00Z,B,7,0.13387219944746592,0.547862065610277,0.3606410475447484,0.40230042292215257,0.3469415815170701,0.3423874996621743,0.8571428571428572,0.8571428571428572,0.8571428571428572,0.8571428571428572,0.8571428571428572,0.8571428571428572,,,,,,
1.0.0,E670705,670705,multiclass,macro,pce,final,True,,,2026-07-30T13:30:00Z,B,7,,0.2251813951522539,0.06828946025915723,0.15158564291367518,0.056752882358942984,1.0447696220794063e-05,,0.8571428571428572,0.8571428571428572,0.8571428571428572,0.8571428571428572,0.8571428571428572,,,,,,
1.0.0,E670706,670706,multiclass,macro,pce,final,True,,,2026-07-30T13:30:00Z,B,7,,0.8160920794160236,0.6980878082855019,0.7621578774838923,0.8674023069618776,1.0447696220794063e-05,,0.8571428571428572,0.8571428571428572,0.8571428571428572,0.8571428571428572,0.8571428571428572,,,,,,
1.0.0,E67280,67280,multiclass,macro,cpi,final,True,,,2025-11-15T00:00:00Z,B,5,,0.27608063690784346,0.2672869198183863,0.2794720515074543,0.13531353980560243,0.17209735689910421,,0.8,0.8,0.8,0.8,0.8,,,,,,
1.0.0,E67284,67284,multiclass,fed,fomc_decision,final,True,,,2026-03-18T18:00:00Z,A,4,0.01018571639156815,0.0007275441840876438,8.099999999999926e-05,1.8999999999999635e-05,5.0999999999999444e-05,1.6966050932085233e-05,0.75,0.75,0.75,0.75,0.75,0.75,,,,,,
1.0.0,E67291,67291,binary_set,macro,gdp,final,True,,,2026-01-29T00:00:00Z,B,,0.00024024999999999999,9.025e-05,0.00012099999999999999,0.00018224999999999998,0.00018224999999999998,6.4e-05,0.25,0.25,0.25,0.25,0.25,0.25,0.0625,0.0625,0.0625,0.0625,0.0625,0.0625
1.0.0,E67292,67292,multiclass,macro,gdp,final,True,,,2026-01-29T00:00:00Z,B,7,1.0638539566105252,1.2786932709633383,1.4023773528882868,1.4374364347831237,1.5144093376639771,1.5305192778800474,0.8571428571428572,0.8571428571428572,0.8571428571428572,0.8571428571428572,0.8571428571428572,0.8571428571428572,,,,,,
1.0.0,E67929,67929,multiclass,macro,cpi,final,True,,,2025-11-13T00:00:00Z,B,5,,,0.7468418393127843,0.9728387647708335,0.849144970975214,0.11335363205724276,,,0.8,0.8,0.8,0.8,,,,,,
1.0.0,E67950,67950,multiclass,fed,rate_path,final,True,,,2025-12-10T00:00:00Z,B,5,0.6227412533640907,0.5202932739994103,0.7872702475073726,0.43488142201199187,0.44136652849535674,0.39560021261299994,0.8,0.8,0.8,0.8,0.8,0.8,,,,,,
1.0.0,E703573,703573,multiclass,macro,cpi,final,True,,,2026-08-12T03:59:00Z,B,12,,0.631440954728005,0.41139593657221324,0.4552800433939159,0.5071139002462877,0.5509167052392604,,0.9166666666666666,0.9166666666666666,0.9166666666666666,0.9166666666666666,0.9166666666666666,,,,,,
1.0.0,E703588,703588,multiclass,macro,cpi,final,True,,,2026-08-12T03:59:00Z,B,9,,0.2945272358949846,0.16606705826060045,0.2593272886693521,0.26796494146618244,0.18914828840870276,,0.8888888888888888,0.8888888888888888,0.8888888888888888,0.8888888888888888,0.8888888888888888,,,,,,
1.0.0,E703599,703599,multiclass,macro,core_cpi,final,True,,,2026-08-12T03:59:00Z,B,10,,0.7160890378795783,0.38954619982945266,0.36533111867336465,0.5372525677233063,0.5424682132365727,,0.9,0.9,0.9,0.9,0.9,,,,,,
1.0.0,E72960,72960,multiclass,fed,rate_path,final,True,,,2025-12-10T22:17:52Z,B,9,0.48289029194838673,0.7083716620536703,0.5078166998347443,0.4680218917311124,0.46257806033932236,0.18628914729681934,0.8888888888888888,0.8888888888888888,0.8888888888888888,0.8888888888888888,0.8888888888888888,0.8888888888888888,,,,,,
1.0.0,E743529,743529,binary_set,fed,leadership,pending,True,,,,,,,,,,,,,,,,,,,,,,,
1.0.0,E75478,75478,multiclass,fed,fomc_decision,final,True,,,2026-04-29T18:00:00Z,A,4,0.000965965724232802,0.00021257463814906564,7.684623069238489e-05,2.9999999999998374e-06,2.9999999999998374e-06,8.999999999999734e-06,0.75,0.75,0.75,0.75,0.75,0.75,,,,,,
1.0.0,E765326,765326,binary_set,crypto_regulation,market_structure,pending,True,,,,,,,,,,,,,,,,,,,,,,,
1.0.0,E769241,769241,binary_set,crypto_regulation,clarity_act,final,True,,,2026-08-08T03:59:00Z,B,,,,0.07840000000000001,0.093025,0.009025,1.6e-05,,,0.25,0.25,0.25,0.25,,,0.04000000000000001,0.04000000000000001,0.04000000000000001,0.04000000000000001
1.0.0,E769510,769510,binary_set,crypto_regulation,clarity_act,pending,True,,,,,,,,,,,,,,,,,,,,,,,
1.0.0,E769594,769594,binary_set,crypto_regulation,clarity_act,pending,True,,,,,,,,,,,,,,,,,,,,,,,
1.0.0,E770450,770450,multiclass,fed,fomc_decision,pending,True,,,,,,,,,,,,,,,,,,,,,,,
1.0.0,E770451,770451,multiclass,fed,fomc_decision,pending,True,,,,,,,,,,,,,,,,,,,,,,,
1.0.0,E770454,770454,multiclass,fed,rate_path,pending,True,,,,,,,,,,,,,,,,,,,,,,,
1.0.0,E778684,778684,multiclass,fed,rate_path,pending,True,,,,,,,,,,,,,,,,,,,,,,,
1.0.0,E778705,778705,multiclass,macro,gdp,pending,True,,,,,,,,,,,,,,,,,,,,,,,
1.0.0,E779109,779109,multiclass,macro,pce,final,True,,,2026-08-26T13:30:00Z,B,7,,0.4012300593532836,0.06038797706350051,0.09308397403708361,0.09718699999999998,1.9364213295319788e-05,,0.8571428571428572,0.8571428571428572,0.8571428571428572,0.8571428571428572,0.8571428571428572,,,,,,
1.0.0,E779110,779110,multiclass,macro,pce,final,True,,,2026-08-26T13:30:00Z,B,7,,0.5184888246739653,0.20331448048827241,0.21440929670643546,0.0978020165111222,0.0001228971447143482,,0.8571428571428572,0.8571428571428572,0.8571428571428572,0.8571428571428572,0.8571428571428572,,,,,,
1.0.0,E79104,79104,binary_set,macro,treasury_liquidity,final,True,,,2026-01-21T18:00:47Z,B,,,,0.13133177777777777,0.04736694444444445,0.015227027777777782,0.003887,,,0.25,0.25,0.25,0.25,,,0.44792725405415784,0.4279451795752802,0.4257815821031612,0.4165295902815453
1.0.0,E79123,79123,binary_set,macro,treasury_liquidity,final,True,,,2026-02-27T13:00:25Z,B,,0.07263024999999998,0.09180900000000003,0.01809024999999999,0.0031360000000000055,0.003249000000000006,0.002704000000000005,0.25,0.25,0.25,0.25,0.25,0.25,0.568664337543671,0.568664337543671,0.568664337543671,0.568664337543671,0.568664337543671,0.568664337543671
1.0.0,E79124,79124,binary_set,fed,emergency_action,pending,True,,,,,,,,,,,,,,,,,,,,,,,
1.0.0,E79137,79137,multiclass,macro,gdp,pending,True,,,,,,,,,,,,,,,,,,,,,,,
1.0.0,E80636,80636,multiclass,macro,cpi,final,True,,,2025-12-18T00:00:00Z,B,5,1.1512687391839203,1.3349518519140755,1.2676048622975498,1.3325090956202763,1.2640500361735396,1.2797227532262334,0.8,0.8,0.8,0.8,0.8,0.8,,,,,,
1.0.0,E80638,80638,multiclass,macro,cpi,final,True,,,2025-12-18T00:00:00Z,B,5,0.4898939804712468,0.031170483304814547,0.2757540654934284,0.013779825578384156,0.018174519473895763,0.005092349026710736,0.8,0.8,0.8,0.8,0.8,0.8,,,,,,
1.0.0,E80660,80660,binary_set,macro,gdp,pending,True,,,,,,,,,,,,,,,,,,,,,,,
1.0.0,E80773,80773,binary_set,macro,cpi,final,True,,,2026-04-10T15:39:55Z,B,,0.040491666666666676,0.0033844166666666645,0.00024116666666666647,0.00024249999999999974,0.0002154166666666663,2.4999999999994493e-07,0.25,0.25,0.25,0.25,0.25,0.25,0.5042116317825425,0.5098795364463954,0.5098795364463954,0.5098795364463954,0.5098795364463954,0.5301720014156449
1.0.0,E811515,811515,multiclass,macro,unemployment,final,True,,,2026-09-04T08:30:00Z,B,9,,0.6876859763607454,0.5786916503180053,0.6008455203160091,0.5746392521451108,0.4915125589838401,,0.8888888888888888,0.8888888888888888,0.8888888888888888,0.8888888888888888,0.8888888888888888,,,,,,
1.0.0,E811650,811650,multiclass,macro,nonfarm_payrolls,final,True,,,2026-09-04T14:33:01Z,B,6,,0.9399717970888195,1.1097426140159878,1.0434803903507912,1.1052934484613546,7.470089760598061e-06,,0.8333333333333334,0.8333333333333334,0.8333333333333334,0.8333333333333334,0.8333333333333334,,,,,,
1.0.0,E812474,812474,binary_set,macro,recession,pending,True,,,,,,,,,,,,,,,,,,,,,,,
1.0.0,E812904,812904,binary_set,fed,leadership,final,True,,,2026-10-01T03:59:00Z,B,,0.0008702499999999999,9e-06,2.25e-06,2.25e-06,2.5e-07,2.5e-07,0.25,0.25,0.25,0.25,0.25,0.25,0.023570530810419935,0.02337613550986954,0.02337613550986954,0.02337613550986954,0.02337613550986954,0.02337613550986954
1.0.0,E83746,83746,multiclass,macro,unemployment,final,True,,,2025-12-05T00:00:00Z,B,6,,0.6007754331656895,0.5444684069198497,0.5690742409978035,0.5197085932173431,0.6060549607896092,,0.8333333333333334,0.8333333333333334,0.8333333333333334,0.8333333333333334,0.8333333333333334,,,,,,
1.0.0,E838709,838709,multiclass,macro,cpi,final,True,,,2026-09-11T03:59:00Z,B,9,,0.4560601605548799,0.38728654372360616,0.42858007119484265,0.3883215130787904,0.3278342270710059,,0.8888888888888888,0.8888888888888888,0.8888888888888888,0.8888888888888888,0.8888888888888888,,,,,,
1.0.0,E838710,838710,multiclass,macro,cpi,final,True,,,2026-09-11T03:59:00Z,B,12,,0.4013120769751826,0.48193158933894276,0.44685060637388685,0.4157795588506077,0.3354956441554029,,0.9166666666666666,0.9166666666666666,0.9166666666666666,0.9166666666666666,0.9166666666666666,,,,,,
1.0.0,E838711,838711,multiclass,macro,core_cpi,final,True,,,2026-09-11T03:59:00Z,B,7,,0.8413445952494746,0.7352186668979072,0.7726542533217026,0.9648754752055815,1.0395002522448091,,0.8571428571428572,0.8571428571428572,0.8571428571428572,0.8571428571428572,0.8571428571428572,,,,,,
1.0.0,E838712,838712,multiclass,macro,core_cpi,final,True,,,2026-09-11T03:59:00Z,B,10,,0.5229463196486621,0.43255572581534674,0.4192359964679233,0.42311296257700376,0.4043094361927778,,0.9,0.9,0.9,0.9,0.9,,,,,,
1.0.0,E84803,84803,binary_set,fed,rate_path,final,True,,,2025-12-09T01:00:13Z,B,,,0.03240000000000002,0.006399999999999993,0.011663999999999997,0.004095999999999993,0.00455625,,0.25,0.25,0.25,0.25,0.25,,0.5469835069444443,0.5469835069444443,0.5469835069444443,0.5469835069444443,0.5469835069444443
1.0.0,E867862,867862,binary_set,macro,cpi,final,True,,,2023-01-12T00:00:00Z,B,,,0.25,0.25,0.263125,0.193125,0.193125,,0.25,0.25,0.25,0.25,0.25,,0.26,0.26,0.26,0.26,0.26
1.0.0,E87073,87073,binary_set,macro,cpi,final,True,,,2026-02-04T21:48:03Z,B,,0.24009999999999998,0.6241000000000001,0.18062500000000004,0.5112250000000002,0.2916,2.4999999999994493e-07,0.25,0.25,0.25,0.25,0.25,0.25,0.4673305882728463,0.47171235358048547,0.47171235358048547,0.47171235358048547,0.47171235358048547,0.47171235358048547
1.0.0,E897955,897955,binary_set,macro,gdp,final,True,,,2023-01-26T00:00:00Z,B,,,0.24009999999999998,0.04839999999999999,0.012099999999999998,0.6724000000000001,0.20249999999999996,,0.25,0.25,0.25,0.25,0.25,,0.25,0.25,0.25,0.25,0.25
1.0.0,E901221,901221,binary_set,macro,cpi,final,True,,,2023-02-14T00:00:00Z,B,,,0.242725,0.20925000000000002,0.22629999999999997,0.183525,0.22382499999999997,,0.25,0.25,0.25,0.25,0.25,,0.22530864197530864,0.22530864197530864,0.22530864197530864,0.22530864197530864,0.22530864197530864
1.0.0,E901284,901284,binary_set,macro,cpi,final,True,,,2023-03-13T00:00:00Z,B,,,0.17265,0.182825,0.050074999999999995,0.031275,0.029374999999999995,,0.25,0.25,0.25,0.25,0.25,,0.32100591715976334,0.32100591715976334,0.32100591715976334,0.32100591715976334,0.32100591715976334
1.0.0,E901317,901317,binary_set,fed,fomc_decision,final,True,,,2023-12-31T00:00:00Z,B,,0.0011222500000000002,4.9000000000000005e-05,6.4e-05,3.6e-05,3.6e-05,3.6e-05,0.25,0.25,0.25,0.25,0.25,0.25,0.09467455621301776,0.10331632653061226,0.10331632653061226,0.10331632653061226,0.10331632653061226,0.10331632653061226
1.0.0,E901410,901410,binary_set,fed,fomc_decision,final,True,,,2023-03-31T00:00:00Z,B,,,0.16809999999999997,0.0001,0.0001,0.0001,0.0001,,0.25,0.25,0.25,0.25,0.25,,0.1111111111111111,0.09,0.09,0.09,0.09
1.0.0,E901447,901447,binary_set,macro,cpi,final,True,,,2023-04-11T00:00:00Z,B,,,0.181225,0.24705,0.34375,0.27705,0.238775,,0.25,0.25,0.25,0.25,0.25,,0.2655709342560554,0.2655709342560554,0.2655709342560554,0.2655709342560554,0.2655709342560554
1.0.0,E901493,901493,binary_set,fed,fomc_decision,final,True,,,2023-01-30T20:00:22Z,B,,0.027224999999999996,0.0006750000000000005,0.00025000000000000017,0.0006750000000000005,0.0005000000000000004,0.0009000000000000011,0.25,0.25,0.25,0.25,0.25,0.25,0.25,0.25,0.25,0.25,0.3958333333333333,0.3958333333333333
1.0.0,E901497,901497,binary_set,fed,fomc_decision,final,True,,,2023-05-01T15:00:41Z,B,,0.118775,0.0068249999999999995,0.0012125000000000011,0.0013000000000000012,0.001412500000000001,0.001075000000000001,0.25,0.25,0.25,0.25,0.25,0.25,0.18801652892561982,0.18801652892561982,0.18801652892561982,0.18801652892561982,0.18801652892561982,0.215564738292011
1.0.0,E901498,901498,binary_set,fed,fomc_decision,final,True,,,2023-03-22T00:00:00Z,C,,0.005575,0.09684999999999999,0.011025000000000002,0.024524999999999998,0.03035,0.016400000000000005,0.25,0.25,0.25,0.25,0.25,0.25,0.19444444444444448,0.19444444444444448,0.19444444444444448,0.19444444444444448,0.19444444444444448,0.19444444444444448
1.0.0,E901644,901644,binary_set,macro,cpi,final,True,,,2023-05-09T00:00:00Z,B,,,0.268295,0.08218,0.13103000000000004,0.05216,0.05473500000000001,,0.25,0.25,0.25,0.25,0.25,,0.255328798185941,0.255328798185941,0.255328798185941,0.255328798185941,0.255328798185941
1.0.0,E901751,901751,binary_set,macro,gdp,final,True,,,2023-04-26T00:00:00Z,B,,,,,,0.235675,0.20986666666666665,,,,,0.25,0.25,,,,,0.4444444444444444,0.4444444444444444
1.0.0,E901774,901774,binary_set,macro,gdp,final,True,,,2023-07-26T00:00:00Z,B,,0.189375,0.10706666666666668,0.1395583333333333,0.11263333333333336,0.11064999999999997,0.12865,0.25,0.25,0.25,0.25,0.25,0.25,0.4444444444444445,0.4444444444444445,0.4444444444444445,0.4444444444444445,0.4444444444444445,0.4444444444444445
1.0.0,E901796,901796,binary_set,fed,fomc_decision,final,True,,,2023-06-12T00:00:00Z,B,,0.015437500000000003,0.186975,0.020031249999999997,0.022074999999999994,0.017593750000000005,0.021024999999999995,0.25,0.25,0.25,0.25,0.25,0.25,0.18777777777777782,0.18777777777777782,0.18777777777777782,0.18777777777777782,0.18777777777777782,0.18965277777777778
1.0.0,E901845,901845,binary_set,macro,cpi,final,True,,,2023-06-12T00:00:00Z,B,,0.07824375,0.054375,0.09323749999999999,0.049425,0.051337499999999994,0.04843125000000001,0.25,0.25,0.25,0.25,0.25,0.25,0.25,0.25,0.25,0.25,0.25,0.25
1.0.0,E902049,902049,binary_set,fed,fomc_decision,final,True,,,2023-07-18T14:00:02Z,B,,0.05249166666666668,0.008733333333333334,0.0026749999999999973,0.0014166666666666687,0.0008166666666666679,0.0010750000000000015,0.25,0.25,0.25,0.25,0.25,0.25,0.22714681440443218,0.22714681440443218,0.22714681440443218,0.24097876269621424,0.24097876269621424,0.24097876269621424
1.0.0,E902050,902050,binary_set,macro,cpi,final,True,,,2023-07-10T00:00:00Z,B,,,0.03438500000000001,0.057345,0.056409999999999995,0.05678999999999999,0.06093,,0.25,0.25,0.25,0.25,0.25,,0.25,0.25,0.25,0.25,0.2502081165452653
1.0.0,E902233,902233,binary_set,fed,fomc_decision,final,True,,,2023-09-19T11:00:02Z,B,,0.009562499999999996,0.002234500000000003,0.0009000000000000008,0.0003125000000000004,0.0008406249999999991,0.0026364999999999965,0.25,0.25,0.25,0.25,0.25,0.25,0.30165289256198347,0.30165289256198347,0.30165289256198347,0.30165289256198347,0.30165289256198347,0.31077660953928354
1.0.0,E902237,902237,binary_set,macro,cpi,final,True,,,2023-08-09T00:00:00Z,B,,,0.25,0.05570833333333333,0.06184166666666668,0.056016666666666666,0.05406666666666667,,0.25,0.25,0.25,0.25,0.25,,0.24544217687074832,0.24544217687074832,0.24544217687074832,0.24544217687074832,0.24544217687074832
1.0.0,E902291,902291,binary_set,crypto_events,etf_decision,final,True,,,2023-10-01T13:00:02Z,B,,0.013224999999999997,0.024025000000000008,0.027225000000000013,0.009999999999999995,0.0002250000000000004,0.008099999999999994,0.25,0.25,0.25,0.25,0.25,0.25,0.25,0.25,0.25,0.25,0.25,0.25
1.0.0,E902442,902442,binary_set,fed,fomc_decision,final,True,,,2023-12-31T00:00:00Z,B,,0.0012250000000000002,2.5e-05,2.5e-05,4e-06,2.25e-06,1e-06,0.25,0.25,0.25,0.25,0.25,0.25,0.09467455621301776,0.10331632653061226,0.10331632653061226,0.10331632653061226,0.10331632653061226,0.10331632653061226
1.0.0,E902476,902476,binary_set,macro,cpi,final,True,,,2023-10-11T00:00:00Z,B,,,0.1875,0.18845,0.14157499999999998,0.14157499999999998,0.14157499999999998,,0.25,0.25,0.25,0.25,0.25,,0.22437673130193905,0.22437673130193905,0.22437673130193905,0.22437673130193905,0.22437673130193905
1.0.0,E902512,902512,binary_set,fed,fomc_decision,final,True,,,2023-10-19T17:00:02Z,B,,0.1370125,0.01632500000000001,0.001212500000000002,0.001222625000000002,0.0021632500000000002,0.0018250000000000028,0.25,0.25,0.25,0.25,0.25,0.25,0.28450069575719383,0.29340277777777773,0.30206805555555555,0.30206805555555555,0.30206805555555555,0.30206805555555555
1.0.0,E902521,902521,binary_set,crypto_events,etf_decision,final,True,,,2023-12-31T00:00:00Z,B,,0.0064,0.009025,0.018090250000000002,0.0144,0.20295025,0.00024024999999999999,0.25,0.25,0.25,0.25,0.25,0.25,0.4444444444444444,0.4444444444444444,0.4444444444444444,0.4444444444444444,0.4444444444444444,0.4444444444444444
1.0.0,E902716,902716,binary_set,macro,gdp,final,True,,,2023-10-30T00:00:00Z,B,,,,0.44222500000000003,0.45562500000000006,0.6400000000000001,0.33062499999999995,,,0.25,0.25,0.25,0.25,,,0.308641975308642,0.308641975308642,0.308641975308642,0.308641975308642
1.0.0,E902721,902721,binary_set,fed,fomc_decision,final,True,,,2023-12-08T06:00:02Z,B,,0.004924999999999997,0.0007405000000000003,0.11312499999999999,0.0006042499999999991,0.0005911250000000006,0.00195025,0.25,0.25,0.25,0.25,0.25,0.25,0.28698224852071,0.28698224852071,0.28698224852071,0.2952005259697567,0.2952005259697567,0.2952005259697567
1.0.0,E902959,902959,binary_set,crypto_events,etf_decision,final,True,,,2024-01-10T21:00:06Z,B,,0.04622499999999999,0.016900000000000002,0.021025000000000005,0.030625000000000017,0.021025000000000005,0.0030250000000000055,0.25,0.25,0.25,0.25,0.25,0.25,0.11111111111111113,0.11111111111111113,0.25,0.25,0.25,0.25
1.0.0,E903022,903022,binary_set,fed,fomc_decision,final,True,,,2024-01-31T19:00:00Z,A,,0.021790083333333335,0.00985841666666667,0.0028000833333333315,3.916666666666643e-05,4.2166666666666705e-05,1.041666666666667e-05,0.25,0.25,0.25,0.25,0.25,0.25,0.2233333333333333,0.2233333333333333,0.2233333333333333,0.2233333333333333,0.2233333333333333,0.2233333333333333
1.0.0,E903035,903035,binary_set,macro,cpi,final,True,,,2023-12-12T00:00:00Z,B,,,,,,,0.18922500000000006,,,,,,0.25,,,,,,0.1927424152290303
1.0.0,E903036,903036,binary_set,crypto_regulation,market_structure,final,True,,,2024-06-30T00:00:00Z,B,,0.0625,0.060024999999999995,0.060024999999999995,0.060024999999999995,0.0576,0.055224999999999996,0.25,0.25,0.25,0.25,0.25,0.25,0.25,0.25,0.25,0.25,0.25,0.25
1.0.0,E903050,903050,binary_set,macro,cpi,final,True,,,2024-01-11T00:00:00Z,B,,,0.09922499999999997,0.31360000000000005,0.3481000000000001,0.29702499999999993,0.29702499999999993,,0.25,0.25,0.25,0.25,0.25,,0.18367346938775514,0.18367346938775514,0.18367346938775514,0.18367346938775514,0.18367346938775514
1.0.0,E903089,903089,binary_set,fed,rate_path,final,True,,,2024-01-31T00:00:00Z,B,,0.011141781249999996,0.0024095,0.0017754687499999993,0.0011850937500000008,0.00124765625,0.0013943125000000019,0.25,0.25,0.25,0.25,0.25,0.25,0.3268714569160998,0.2888541666666667,0.27409722222222227,0.27409722222222227,0.27912840136054423,0.27912840136054423
1.0.0,E903219,903219,binary_set,crypto_events,etf_decision,final,True,,,2024-05-24T00:00:03Z,B,,0.7140249999999999,0.8372250000000001,0.81,0.1521,0.12249999999999998,0.009999999999999995,0.25,0.25,0.25,0.25,0.25,0.25,0.25,0.25,0.25,0.25,0.25,0.18367346938775514
1.0.0,E903377,903377,multiclass,fed,fomc_decision,final,True,,,2024-03-20T18:00:00Z,A,4,0.005071227455598662,0.003231286729322318,0.0004269318481040613,0.0002883197609567064,,,0.75,0.75,0.75,0.75,,,,,,,,
1.0.0,E903390,903390,multiclass,macro,nonfarm_payrolls,pending,True,,,,,,,,,,,,,,,,,,,,,,,
1.0.0,E903431,903431,binary_set,macro,cpi,final,True,,,2024-02-13T00:00:00Z,B,,,,,,,0.10562499999999997,,,,,,0.25,,,,,,0.17522985397512167
1.0.0,E903487,903487,binary_set,crypto_events,etf_decision,final,True,,,2024-03-31T00:00:00Z,B,,0.00011025000000000001,5.625e-05,1.6e-05,2.5e-05,1.6e-05,1.6e-05,0.25,0.25,0.25,0.25,0.25,0.25,0.36,0.36,0.36,0.36,0.36,0.36
1.0.0,E903508,903508,binary_set,fed,rate_path,final,True,,,2024-09-18T21:25:08Z,B,,0.15686225,0.11269249999999999,0.10861295833333334,0.09995166666666667,0.101107,0.08565795833333334,0.25,0.25,0.25,0.25,0.25,0.25,0.14583333333333334,0.19333333333333336,0.19333333333333336,0.19333333333333336,0.19333333333333336,0.19333333333333336
1.0.0,E903780,903780,binary_set,macro,cpi,final,True,,,2024-03-12T00:00:00Z,B,,,,,,,0.286225,,,,,,0.25,,,,,,0.3491735537190083
1.0.0,E90407,90407,binary_set,fed,rate_path,final,True,,,2025-12-05T00:00:00Z,B,,,,,,0.0006509166666666667,0.004822416666666666,,,,,0.25,0.25,,,,,0.06879871002418705,0.06879871002418705
1.0.0,E91091,91091,multiclass,fed,rate_path,final,True,,,2025-12-10T20:00:12Z,B,5,,,0.2564581822712991,0.14396304354681044,0.16250866888384025,0.08152879135540483,,,0.8,0.8,0.8,0.8,,,,,,
1.0.0,E918354,918354,multiclass,macro,pce,final,True,,,2026-09-30T13:30:00Z,B,7,0.6009510492003296,0.7515031572742061,0.9563263643376436,0.9387693450104223,0.95317226032617,1.0447696220794063e-05,0.8571428571428572,0.8571428571428572,0.8571428571428572,0.8571428571428572,0.8571428571428572,0.8571428571428572,,,,,,
1.0.0,E922343,922343,multiclass,macro,pce,final,True,,,2026-09-30T13:30:00Z,B,7,0.9192743764172336,1.1568016245470276,1.144189212498136,1.153991118445,1.098176320468082,1.0447696220794063e-05,0.8571428571428572,0.8571428571428572,0.8571428571428572,0.8571428571428572,0.8571428571428572,0.8571428571428572,,,,,,
1.0.0,E923198,923198,multiclass,fed,rate_path,final,True,,,2026-09-16T15:59:00Z,B,5,,1.0033195210732355,1.0282612866971848,0.5985505678745268,0.5584707456882403,0.5592283023155981,,0.8,0.8,0.8,0.8,0.8,,,,,,
1.0.0,E955999,955999,multiclass,fed,rate_path,pending,True,,,,,,,,,,,,,,,,,,,,,,,
1.0.0,E956869,956869,binary_set,macro,treasury_liquidity,final,True,,,2026-09-30T12:00:00Z,B,,,0.080349,0.0004981111111111111,6.319444444444444e-05,0.00013919444444444447,1.761111111111111e-05,,0.25,0.25,0.25,0.25,0.25,,0.21378194010868307,0.21910366681756452,0.29298880565608953,0.3194706994328922,0.3237217598097503
1.0.0,E956927,956927,binary_set,macro,treasury_liquidity,final,True,,,2026-09-09T18:00:18Z,B,,,,,,,0.016436711538461532,,,,,,0.25,,,,,,0.31270096988674356
1.0.0,E956928,956928,binary_set,macro,treasury_liquidity,final,True,,,2026-09-30T12:00:00Z,B,,,0.0029994166666666667,0.000862361111111111,6.930555555555555e-05,6.927777777777778e-05,3.2749999999999996e-05,,0.25,0.25,0.25,0.25,0.25,,0.21378194010868307,0.21910366681756452,0.29298880565608953,0.3194706994328922,0.3237217598097503
1.0.0,E956929,956929,binary_set,macro,treasury_liquidity,final,True,,,2026-09-23T20:00:19Z,B,,,0.28525,0.13499999999999998,0.0931,0.035937500000000004,0.007141666666666663,,0.25,0.25,0.25,0.25,0.25,,0.3401808212478223,0.26959547976150816,0.2591840699970931,0.23642760400217291,0.2440213497717254
1.0.0,E956930,956930,binary_set,macro,treasury_liquidity,pending,True,,,,,,,,,,,,,,,,,,,,,,,
1.0.0,E956931,956931,binary_set,macro,treasury_liquidity,final,True,,,2026-09-10T20:00:15Z,B,,,,0.12776428571428572,0.06552300000000001,0.06945942857142857,0.007426285714285714,,,0.25,0.25,0.25,0.25,,,0.40868262609291545,0.36033338953372346,0.33751723430180874,0.3025300467190651
1.0.0,E956932,956932,binary_set,macro,treasury_liquidity,pending,True,,,,,,,,,,,,,,,,,,,,,,,
1.0.0,E956933,956933,binary_set,macro,treasury_liquidity,final,True,,,2026-09-10T16:00:16Z,B,,,,0.5776432499999999,0.3601271666666667,0.2899510833333333,0.08560997222222222,,,0.25,0.25,0.25,0.25,,,0.35937003027433095,0.3353891128355902,0.3119543825373385,0.27978516232326883
1.0.0,E956934,956934,binary_set,macro,treasury_liquidity,final,True,,,2026-09-30T12:00:00Z,B,,,0.01924038888888889,0.020219166666666663,0.000174,0.00016872222222222223,8.486111111111112e-05,,0.25,0.25,0.25,0.25,0.25,,0.21378194010868307,0.21910366681756452,0.29298880565608953,0.3194706994328922,0.3237217598097503
1.0.0,E956935,956935,binary_set,macro,treasury_liquidity,final,True,,,2026-09-09T16:00:17Z,B,,,,,0.23943333333333336,0.1783583333333333,0.08141458333333333,,,,0.25,0.25,0.25,,,,0.40672211483052667,0.37753612591503966,0.34746026874644226
1.0.0,E964993,964993,multiclass,macro,unemployment,final,True,,,2026-10-02T08:30:00Z,B,9,,0.632156897141432,0.6795537214795077,0.7360638121292485,0.7115105943258845,0.6285009552439313,,0.8888888888888888,0.8888888888888888,0.8888888888888888,0.8888888888888888,0.8888888888888888,,,,,,
1.0.0,E964994,964994,multiclass,macro,nonfarm_payrolls,final,True,,,2026-10-02T14:32:32Z,B,7,,0.9644174558245548,1.1231436690654644,0.7952367039906508,0.811283094212949,1.0447696220794063e-05,,0.8571428571428572,0.8571428571428572,0.8571428571428572,0.8571428571428572,0.8571428571428572,,,,,,
1.0.0,E96723,96723,binary_set,fed,fomc_decision,final,False,E35090,,2025-12-10T19:00:00Z,B,,,,,0.011024999999999997,0.009024999999999995,0.0002722499999999987,,,,0.25,0.25,0.25,,,,0.5469835069444443,0.535763630566479,0.535763630566479
1.0.0,E96733,96733,binary_set,fed,rate_path,final,True,,,2025-12-10T00:00:00Z,B,,,,,0.17083750000000003,0.1629475625,0.162001,,,,0.25,0.25,0.25,,,,0.0625,0.0625,0.0625
1.0.0,E97909,97909,multiclass,macro,cpi,final,True,,,2026-01-13T00:00:00Z,B,5,0.8786647162971952,0.0287471406735952,0.020298247949670112,0.028029965422810405,0.019103902571222024,0.011323712907221393,0.8,0.8,0.8,0.8,0.8,0.8,,,,,,
1.0.0,E97910,97910,multiclass,macro,cpi,final,True,,,2025-12-13T00:00:00Z,B,5,,,0.7959102986502286,0.2924380165289256,0.48113773611735566,0.4397986477266414,,,0.8,0.8,0.8,0.8,,,,,,
1.0.0,E990713,990713,multiclass,fed,rate_path,pending,True,,,,,,,,,,,,,,,,,,,,,,,
